Age,Height_cm,Weight_kg,BMI,Menstrual_Cycle_Length_days,Menstrual_Irregularity,Fasting_Glucose_mg_dL,Fasting_Insulin_uIU_mL,HOMA_IR,LH_mIU_mL,FSH_mIU_mL,LH_FSH_Ratio,Total_Testosterone_ng_dL,Free_Testosterone_pg_mL,Total_Cholesterol_mg_dL,Triglycerides_mg_dL,Dietary_Sugar_Intake,Physical_Activity_Level,PCOS_Diagnosis,Hirsutism_Score_FG,Acne_Severity,Alopecia,Skin_Darkening_Acanthosis,first_name,last_name,email,password,Target_Nutrient_Vector
39,152.1,63.4,25.82,33,0,96.7,17.87,4.266738271604939,7.4,4.77,1.5513626834381553,52.1,8.42,142,299.0,2,2,1,17,2,0,0,Christopher,Sampson,christopher.sampson0@example.com,lztMkxMlT8*X,"[28.6, 22.0, 361.4, 12.1, 16.2]"
32,143.8,61.5,31.36,26,1,115.0,18.86,5.355308641975308,16.14,5.49,2.939890710382514,79.1,8.25,186,131.0,1,2,0,20,3,0,1,Edward,Stevenson,edward.stevenson1@example.com,X#ZO2&fGfD$b,"[30.2, 12.0, 320.0, 25.9, 25.0]"
28,146.9,50.8,22.9,38,0,75.0,15.61,2.890740740740741,10.52,8.1,1.2987654320987654,59.4,3.87,138,103.0,1,1,0,11,2,0,0,Maureen,Burgess,maureen.burgess2@example.com,7CgWDl#2yDA0,"[26.5, 12.0, 320.0, 10.0, 25.0]"
31,165.5,69.5,23.68,31,1,106.2,14.21,3.726177777777778,13.85,9.88,1.401821862348178,83.5,2.3,94,179.0,3,1,0,9,0,1,0,Kevin,Bell,kevin.bell3@example.com,vNQbn0NPUzE7,"[27.7, 12.0, 320.0, 10.0, 25.0]"
40,152.1,73.7,29.05,32,0,91.9,15.21,3.451355555555556,14.03,8.42,1.6662707838479809,44.8,3.72,208,137.0,3,2,0,24,1,0,0,Jennifer,Sheppard,jennifer.sheppard4@example.com,wvCNu4AMq18n,"[27.3, 12.0, 320.0, 20.1, 7.0]"
33,140.6,65.2,28.68,37,0,102.6,10.46,2.649866666666667,16.65,5.19,3.2080924855491326,29.0,3.9,195,149.0,3,3,1,16,0,0,0,Elaine,Fernandez,elaine.fernandez5@example.com,ZkGhHMOIqk15,"[26.1, 12.0, 333.1, 19.2, 7.0]"
39,153.7,73.3,24.16,26,0,104.0,14.46,3.7131851851851856,10.68,2.45,4.359183673469388,88.7,8.42,167,167.0,2,3,1,13,3,0,1,Paul,Sullivan,paul.sullivan6@example.com,@!i9HTpJCY28,"[27.7, 12.0, 351.7, 10.0, 25.0]"
32,152.8,63.7,29.99,33,1,107.3,7.85,2.0797654320987653,7.63,5.82,1.3109965635738832,43.7,5.38,202,164.0,2,3,0,16,1,0,0,Jennifer,Patterson,jennifer.patterson7@example.com,wJhET1PTaeTz,"[25.3, 12.0, 320.0, 22.5, 7.0]"
32,164.4,69.6,23.35,36,1,123.0,13.68,4.1546666666666665,9.09,4.96,1.8326612903225807,24.6,7.26,153,90.0,2,2,1,23,1,0,0,Amanda,Mccoy,amanda.mccoy8@example.com,!P8^L^ZI!AFx,"[28.4, 12.0, 359.5, 10.0, 7.0]"
40,134.6,55.9,23.24,31,1,85.4,20.51,4.3248246913580255,14.09,8.63,1.6326767091541134,59.2,7.4,165,115.0,3,2,1,10,1,1,0,Cynthia,Williams,cynthia.williams9@example.com,*AS5!bgm#Gx9,"[28.6, 12.0, 362.4, 10.0, 25.0]"
35,150.8,54.2,27.35,18,0,94.9,9.19,2.15340987654321,12.74,6.3,2.022222222222222,56.3,9.06,168,182.0,1,1,0,4,3,0,1,Jerry,Thornton,jerry.thornton10@example.com,B0p2zKA$dC88,"[25.4, 12.0, 320.0, 15.9, 22.4]"
19,158.3,59.3,25.15,21,0,108.8,16.89,4.5373629629629635,9.62,6.1,1.5770491803278688,61.6,4.54,219,105.0,3,3,1,10,3,0,0,Ashley,Massey,ashley.massey11@example.com,A2dU4Il2T2YP,"[29.0, 12.0, 366.2, 10.4, 25.0]"
35,159.2,70.5,23.11,44,1,104.9,4.57,1.1836864197530865,4.64,9.87,0.4701114488348531,53.1,9.27,237,150.0,1,3,1,5,0,1,0,Brian,Hall,brian.hall12@example.com,jhr3sdl&hIUg,"[23.9, 12.0, 320.0, 10.0, 17.7]"
24,163.2,63.9,21.77,35,1,108.8,11.43,3.0705777777777774,12.62,7.08,1.7824858757062145,45.1,6.95,209,76.0,1,2,1,18,2,0,0,Wayne,Burgess,wayne.burgess13@example.com,i1*Ec#5keT2b,"[26.8, 12.0, 340.5, 10.0, 7.0]"
43,158.8,59.0,19.83,20,1,101.3,14.2,3.5517530864197524,8.05,4.25,1.8941176470588237,21.5,4.26,144,128.0,1,2,0,6,2,0,0,James,Duran,james.duran14@example.com,0#CHtrK*%#I*,"[27.5, 12.0, 320.0, 10.0, 7.0]"
24,164.2,64.0,23.52,20,1,104.9,12.33,3.1936222222222224,5.03,12.36,0.406957928802589,66.9,7.37,257,117.0,2,3,0,18,3,0,0,Robert,Torres,robert.torres15@example.com,iY8cOp%nfMjD,"[26.9, 12.0, 320.0, 10.0, 25.0]"
28,151.1,72.5,26.37,18,0,102.6,29.8,7.549333333333333,17.9,6.59,2.7162367223065247,26.6,6.35,259,160.0,2,3,0,2,3,0,0,Maria,Rodriguez,maria.rodriguez16@example.com,wl95GdkWis!Y,"[33.5, 12.0, 320.0, 13.4, 7.0]"
22,162.9,59.9,19.84,32,0,103.4,33.66,8.593688888888888,17.74,10.39,1.7074109720885464,55.7,7.83,157,79.0,1,3,0,4,1,0,0,Sarah,Collins,sarah.collins17@example.com,eQ1ojhin8MLB,"[35.0, 12.0, 320.0, 10.0, 21.6]"
25,162.0,97.4,21.26,34,0,100.4,19.06,4.724997530864197,8.08,9.49,0.8514225500526871,82.3,5.82,149,87.0,2,2,0,0,0,0,0,Michael,Harris,michael.harris18@example.com,YdxsR9S9dqH8,"[29.2, 12.0, 320.0, 10.0, 25.0]"
19,162.8,70.8,29.71,25,0,99.0,18.79,4.593111111111111,14.52,9.49,1.530031612223393,60.1,8.38,224,149.0,2,3,0,2,3,1,0,Taylor,Kirby,taylor.kirby19@example.com,^QmgP6MIH9mS,"[29.0, 12.0, 320.0, 21.8, 25.0]"
38,154.8,70.0,28.84,29,1,88.8,12.3,2.696888888888889,11.75,9.58,1.2265135699373695,45.8,4.55,249,170.0,2,2,1,21,0,0,1,Jeffrey,Spencer,jeffrey.spencer20@example.com,DomrPa5W%v0n,"[26.2, 12.0, 333.9, 19.6, 7.0]"
39,153.8,74.1,26.01,31,0,88.2,24.08,5.244088888888888,8.21,5.8,1.4155172413793105,49.7,7.1,198,75.0,1,3,0,10,1,0,1,Scott,Turner,scott.turner21@example.com,Gl%DchVa08hQ,"[30.0, 12.0, 320.0, 12.5, 12.6]"
39,151.0,57.6,32.55,30,1,120.1,12.9,3.825407407407407,11.0,7.68,1.4322916666666667,17.5,2.12,177,109.0,2,1,0,10,2,1,0,David,Wolfe,david.wolfe22@example.com,AEEzU8$Q#icT,"[27.9, 12.0, 320.0, 28.9, 7.0]"
43,159.7,81.0,23.76,34,0,61.1,10.66,1.6082123456790125,8.41,11.47,0.7332170880557977,47.9,7.8,159,87.0,2,3,1,14,2,0,1,Robert,Harrison,robert.harrison23@example.com,Y$FaNMMaZJls,"[25.0, 12.0, 320.0, 10.0, 9.8]"
34,154.8,52.6,29.41,25,1,118.9,15.43,4.529943209876543,1.78,8.98,0.19821826280623608,62.9,5.25,163,29.0,3,2,0,23,3,0,0,Carrie,Rodriguez,carrie.rodriguez24@example.com,KSLOsjLcm5%r,"[28.9, 12.0, 320.0, 21.0, 25.0]"
24,152.6,79.3,21.81,33,0,111.0,9.03,2.4748888888888887,1.43,6.67,0.2143928035982009,74.9,3.3,123,134.0,2,3,0,9,2,0,1,Lisa,Macdonald,lisa.macdonald25@example.com,XNrT5LC1X^HI,"[25.9, 12.0, 320.0, 10.0, 25.0]"
18,167.9,76.1,24.15,36,0,130.6,14.54,4.6887012345679,6.75,5.76,1.171875,51.0,5.98,166,75.0,1,3,0,22,1,0,0,Jonathan,Cabrera,jonathan.cabrera26@example.com,82eGZo$MGmQ^,"[29.2, 12.0, 320.0, 10.0, 14.5]"
38,153.4,46.0,31.99,27,0,113.9,9.53,2.680165432098765,16.61,3.35,4.95820895522388,74.2,5.86,165,101.0,2,1,1,14,2,1,0,Holly,Evans,holly.evans27@example.com,BSvLMREzNS^i,"[26.2, 12.0, 333.7, 27.5, 25.0]"
44,151.5,65.3,22.74,31,0,97.9,12.14,2.934582716049383,5.11,8.31,0.614921780986763,74.5,3.43,199,167.0,2,2,0,3,2,0,0,Joseph,Miller,joseph.miller28@example.com,jB0rG!IP17T2,"[26.6, 12.0, 320.0, 10.0, 25.0]"
24,146.9,69.4,22.88,28,0,95.4,18.53,4.3648444444444445,3.42,2.05,1.6682926829268294,36.1,8.49,142,171.0,1,1,1,9,2,0,0,Robert,Hayes,robert.hayes29@example.com,YLWOj%B14f6L,"[28.7, 12.0, 363.1, 10.0, 7.0]"
21,164.0,51.5,21.24,38,0,111.1,15.86,4.350730864197531,8.53,10.79,0.7905468025949953,47.1,8.3,194,275.0,1,3,1,17,0,1,1,Tommy,Olson,tommy.olson30@example.com,59gDpVzmjvGB,"[28.7, 12.0, 362.9, 10.0, 8.7]"
38,151.2,70.3,19.7,38,1,116.1,10.52,3.015733333333333,6.41,8.2,0.7817073170731709,36.0,7.1,199,96.0,2,1,1,13,3,1,0,Ana,Martinez,ana.martinez31@example.com,Q%&q%HAZSNmK,"[26.7, 12.0, 339.5, 10.0, 7.0]"
26,154.4,62.0,14.95,39,0,117.7,6.62,1.9238864197530863,11.2,6.6,1.696969696969697,74.5,8.29,218,73.0,3,3,1,6,2,0,0,Jeffrey,Hansen,jeffrey.hansen32@example.com,wFQPOEQvF2bz,"[25.0, 12.0, 320.4, 10.0, 25.0]"
39,158.9,56.1,36.51,40,0,96.4,6.32,1.5043160493827161,2.66,5.56,0.47841726618705044,60.2,5.91,138,134.0,3,2,1,3,0,0,0,Thomas,Thompson,thomas.thompson33@example.com,Sx0JWQJyYNu#,"[25.0, 12.0, 320.0, 38.8, 25.0]"
20,148.3,52.9,28.79,30,0,90.3,15.67,3.4938296296296296,9.39,3.79,2.4775725593667546,72.2,3.63,150,265.0,3,3,0,20,2,0,1,Joshua,Werner,joshua.werner34@example.com,nVQS@ewL5*X&,"[27.4, 22.0, 320.0, 19.5, 25.0]"
25,159.2,62.8,20.43,25,1,82.5,11.05,2.250925925925926,16.56,2.99,5.538461538461537,12.3,4.73,167,75.0,2,1,1,6,1,0,0,Lauren,Acosta,lauren.acosta35@example.com,FkWzPMrGawAt,"[25.5, 12.0, 326.1, 10.0, 7.0]"
26,148.2,50.1,27.1,25,0,97.8,26.16,6.317155555555555,6.54,5.75,1.137391304347826,13.6,10.07,166,94.0,3,3,1,7,2,0,1,Michael,Barnes,michael.barnes36@example.com,DJxoY$Bne5Ff,"[31.6, 12.0, 397.3, 15.3, 7.0]"
34,164.5,54.6,22.98,32,1,79.3,23.93,4.685553086419753,8.6,5.81,1.4802065404475044,18.1,7.0,215,134.0,1,1,0,0,0,0,1,Janet,Hoffman,janet.hoffman37@example.com,wJBV87l!oDw4,"[29.2, 12.0, 320.0, 10.0, 7.0]"
37,164.8,73.9,25.36,35,1,103.6,14.57,3.727041975308642,12.82,6.39,2.0062597809076683,37.9,5.86,152,188.0,3,3,0,16,0,1,0,Danielle,Johnson,danielle.johnson38@example.com,lm@SvFkAvdgJ,"[27.7, 12.0, 320.0, 10.9, 7.0]"
33,166.7,48.0,24.63,37,1,77.4,19.26,3.6808000000000005,5.48,3.58,1.5307262569832403,50.6,9.14,128,180.0,1,3,1,11,0,0,0,Jennifer,Gonzalez,jennifer.gonzalez39@example.com,CzfNl#xO6Sb9,"[27.7, 12.0, 351.2, 10.0, 13.9]"
20,146.6,44.9,20.65,31,0,113.8,18.77,5.274138271604938,4.69,8.13,0.5768757687576875,64.0,6.14,153,56.0,2,2,0,4,3,0,0,Mark,Schmidt,mark.schmidt40@example.com,yN3r8u0f5ke*,"[30.1, 12.0, 320.0, 10.0, 25.0]"
34,165.7,71.2,27.19,28,1,113.0,18.94,5.284493827160494,1.2,4.1,0.29268292682926833,67.7,6.81,168,198.0,2,3,0,2,2,0,0,Stacy,Sullivan,stacy.sullivan41@example.com,LD*!BDH3nWTi,"[30.1, 12.0, 320.0, 15.5, 25.0]"
40,155.7,61.8,19.91,35,0,76.5,13.85,2.6161111111111106,19.51,4.79,4.073068893528184,57.7,2.46,110,198.0,1,3,1,19,2,0,1,Debbie,Clark,debbie.clark42@example.com,k@d84SnC3nWL,"[26.1, 12.0, 332.5, 10.0, 24.6]"
37,161.4,72.4,22.92,25,1,88.4,14.1,3.0776296296296297,8.02,6.43,1.2472783825816485,66.9,6.57,204,214.0,3,1,0,12,2,1,0,Sheila,Wright,sheila.wright43@example.com,mYrWDHT&zPuA,"[26.8, 22.0, 320.0, 10.0, 25.0]"
44,153.3,56.2,29.94,34,1,79.6,5.22,1.0259555555555555,13.91,5.29,2.6294896030245747,42.9,6.28,203,184.0,3,2,1,13,0,0,0,Amber,Becker,amber.becker44@example.com,2PNPns$zha72,"[25.0, 12.0, 320.0, 22.4, 7.0]"
38,154.6,75.6,14.26,21,1,88.1,7.39,1.607553086419753,2.28,4.56,0.5,61.8,4.83,178,170.0,2,3,1,17,1,0,0,Holly,Griffin,holly.griffin45@example.com,gvS8aT#GyFOa,"[25.0, 12.0, 320.0, 10.0, 25.0]"
37,153.0,46.3,24.74,29,0,89.3,17.96,3.960069135802469,14.51,7.58,1.9142480211081794,71.9,8.87,224,148.0,3,1,1,6,0,0,1,Deborah,Smith,deborah.smith46@example.com,Vc6p0UAYE&6d,"[28.1, 12.0, 356.1, 10.0, 25.0]"
42,157.4,76.6,26.15,35,0,84.3,13.86,2.884933333333333,2.88,8.81,0.32690124858115777,109.3,4.54,189,97.0,3,2,1,12,0,1,0,Tracie,Grant,tracie.grant47@example.com,%nEQh8$zR3^%,"[26.5, 12.0, 337.2, 12.9, 25.0]"
21,153.8,65.6,19.23,30,0,102.2,11.16,2.816177777777778,9.72,5.82,1.6701030927835052,76.5,9.11,161,192.0,2,1,0,16,3,1,0,Brooke,King,brooke.king48@example.com,nPPOg*bztGy8,"[26.4, 12.0, 320.0, 10.0, 25.0]"
43,157.4,58.6,25.94,30,0,116.4,10.29,2.9574222222222217,7.23,7.71,0.9377431906614787,75.9,5.99,265,211.0,2,1,1,17,1,0,0,Timothy,Day,timothy.day49@example.com,01HB6J$#yuMR,"[26.6, 22.0, 338.5, 12.4, 25.0]"
22,151.7,31.6,14.69,26,0,114.0,23.15,6.5162962962962965,5.57,9.46,0.5887949260042283,61.8,4.34,232,207.0,1,1,0,5,3,0,0,Robert,Martinez,robert.martinez50@example.com,yH6bJwBrWLnp,"[31.9, 22.0, 320.0, 10.0, 25.0]"
39,152.3,44.5,25.04,39,0,93.6,16.2,3.7439999999999998,18.15,6.93,2.619047619047619,24.6,6.42,216,107.0,1,2,0,21,0,0,1,James,Russo,james.russo51@example.com,&fIyv2mCdTBC,"[27.8, 12.0, 320.0, 10.1, 7.0]"
40,154.7,60.3,28.13,49,1,101.5,19.59,4.909592592592593,18.58,7.69,2.416124837451235,36.3,6.84,244,172.0,2,1,1,17,2,0,0,Jamie,Palmer,jamie.palmer52@example.com,VvjG4ukYiB$N,"[29.5, 12.0, 372.7, 17.8, 7.0]"
37,166.8,74.3,19.38,29,1,94.7,11.97,2.798911111111112,12.56,8.47,1.4828807556080283,61.5,5.36,214,133.0,3,2,1,7,1,0,1,Jennifer,Walker,jennifer.walker53@example.com,A$P!$CCAH#0f,"[26.3, 12.0, 335.7, 10.0, 25.0]"
40,161.0,82.6,21.97,20,1,102.0,15.88,3.9994074074074075,9.54,8.01,1.1910112359550562,66.8,7.33,158,199.0,1,2,0,9,2,1,0,Lindsey,Alvarez,lindsey.alvarez54@example.com,^UG1jkXrhmRP,"[28.1, 12.0, 320.0, 10.0, 25.0]"
43,152.7,72.9,28.53,22,1,84.7,26.23,5.485632098765432,18.36,6.45,2.8465116279069766,77.2,4.38,133,16.0,2,3,0,16,0,0,1,Stacey,Harris,stacey.harris55@example.com,S8k!AHz1hB^C,"[30.4, 12.0, 320.0, 18.8, 25.0]"
19,156.2,50.8,14.98,26,0,88.0,31.54,6.853135802469136,1.17,5.85,0.2,59.1,0.65,163,196.0,1,3,1,15,3,0,0,Ronald,Cox,ronald.cox56@example.com,ExEXIwV0ic3U,"[32.4, 12.0, 406.7, 10.0, 25.0]"
39,151.9,60.1,24.42,36,1,94.2,23.25,5.407777777777778,14.96,8.59,1.7415599534342259,49.5,6.37,192,109.0,2,3,0,14,1,0,1,Joshua,Simmons,joshua.simmons57@example.com,yEz5CI0pJ$gD,"[30.3, 12.0, 320.0, 10.0, 12.2]"
24,150.4,63.2,21.05,41,0,100.9,13.85,3.4505308641975314,10.52,3.57,2.946778711484594,62.1,7.13,259,77.0,1,3,0,20,2,0,1,Ronald,Long,ronald.long58@example.com,02y&@CG3gqox,"[27.3, 12.0, 320.0, 10.0, 25.0]"
21,153.1,73.2,24.96,27,1,101.4,18.62,4.661896296296296,11.04,6.4,1.7249999999999999,36.0,7.61,178,152.0,1,1,0,2,3,1,1,Miranda,Nguyen,miranda.nguyen59@example.com,0@2pRD*2$C69,"[29.1, 12.0, 320.0, 10.0, 7.0]"
20,161.3,68.2,21.34,34,0,100.4,15.24,3.778014814814815,3.67,4.33,0.8475750577367205,55.3,6.73,186,113.0,2,2,1,16,2,0,0,Brian,Christensen,brian.christensen60@example.com,mBRrgh@E3^hX,"[27.8, 12.0, 352.9, 10.0, 20.9]"
37,159.5,54.9,27.51,38,0,117.4,29.69,8.606434567901236,10.73,9.94,1.079476861167002,45.0,2.45,177,97.0,3,3,1,13,2,0,0,Ryan,Johnson,ryan.johnson61@example.com,xpBXj#E9N@ts,"[35.1, 12.0, 437.4, 16.3, 7.0]"
21,166.6,75.6,20.38,28,0,113.6,14.34,4.022281481481481,6.18,8.67,0.7128027681660899,39.6,8.85,168,136.0,2,1,0,22,3,0,0,Karen,Barber,karen.barber62@example.com,uDZ9I#UjVx8m,"[28.2, 12.0, 320.0, 10.0, 7.0]"
43,148.9,64.0,26.96,28,1,89.6,7.87,1.7411160493827158,11.38,5.52,2.061594202898551,74.0,7.08,143,65.0,1,3,0,18,0,0,0,Diana,Weiss,diana.weiss63@example.com,Z1Ksp%gM&9%Q,"[25.0, 12.0, 320.0, 14.9, 25.0]"
39,157.4,50.3,20.2,29,1,101.8,8.39,2.108893827160494,9.66,7.05,1.3702127659574468,53.3,7.35,151,214.0,2,1,1,4,2,1,1,Joseph,Pittman,joseph.pittman64@example.com,b*EMk1aUm@ye,"[25.3, 22.0, 323.7, 10.0, 17.9]"
24,166.9,63.5,28.78,30,0,116.8,9.66,2.7858962962962965,13.56,6.54,2.073394495412844,21.6,5.38,194,172.0,2,3,1,15,3,0,0,Michael,Trevino,michael.trevino65@example.com,y9fwx#69&jgO,"[26.3, 12.0, 335.5, 19.5, 7.0]"
18,149.9,74.2,18.2,37,0,84.1,4.32,0.8970666666666667,17.37,1.99,8.728643216080403,21.1,5.74,168,57.0,2,1,0,1,3,1,1,Yolanda,Spencer,yolanda.spencer66@example.com,UW7w#mM^#eEG,"[25.0, 12.0, 320.0, 10.0, 7.0]"
37,146.0,62.3,21.24,35,0,87.4,11.43,2.4666222222222225,10.99,5.37,2.0465549348230914,28.0,2.34,220,201.0,2,1,1,14,3,0,0,Robert,Navarro,robert.navarro67@example.com,o6f!B6mvbgC9,"[25.8, 15.6, 329.9, 10.0, 7.0]"
18,159.0,53.1,25.89,37,0,104.7,23.85,6.1656666666666675,16.43,4.7,3.4957446808510637,42.0,11.48,219,258.0,1,2,1,19,3,0,0,Jennifer,Wagner,jennifer.wagner68@example.com,1AVg5mB0952i,"[31.4, 22.0, 394.6, 12.2, 7.0]"
26,171.2,86.2,27.11,30,1,113.1,15.32,4.278251851851852,6.86,5.3,1.2943396226415096,64.7,5.33,214,290.0,1,1,0,7,2,0,0,Christopher,Kelly,christopher.kelly69@example.com,SBGKvTtOZGn#,"[28.6, 22.0, 320.0, 15.3, 25.0]"
44,153.1,82.4,21.47,31,1,118.9,19.81,5.815824691358025,8.81,5.97,1.47571189279732,61.5,10.02,160,159.0,1,1,0,22,2,0,1,Erin,Smith,erin.smith70@example.com,@QsCL6a57nre,"[30.9, 12.0, 320.0, 10.0, 25.0]"
25,164.9,60.6,15.45,39,0,123.9,18.05,5.521962962962963,2.33,5.23,0.44550669216061184,22.9,3.58,133,144.0,3,2,1,17,2,0,0,Robert,Hendricks,robert.hendricks71@example.com,ymgTxaXFXo!$,"[30.4, 12.0, 383.4, 10.0, 7.0]"
41,140.6,69.7,18.29,23,1,81.7,12.06,2.4328444444444446,7.17,6.38,1.1238244514106583,22.0,2.64,227,238.0,2,2,1,11,1,0,1,Jennifer,Green,jennifer.green72@example.com,hK7aepo2BBZC,"[25.8, 22.0, 329.3, 10.0, 7.0]"
27,155.7,62.7,37.03,26,0,110.0,9.89,2.686172839506173,8.63,6.3,1.36984126984127,76.2,5.87,148,177.0,2,1,1,15,0,0,1,Derek,Duncan,derek.duncan73@example.com,aoSrMLKv9!9W,"[26.2, 12.0, 333.8, 40.1, 25.0]"
36,157.2,69.3,24.9,31,0,103.4,20.5,5.233827160493828,7.51,3.6,2.086111111111111,81.2,6.9,175,174.0,1,2,0,23,0,1,0,Christina,Mitchell,christina.mitchell74@example.com,SQA94mN3fyWF,"[30.0, 12.0, 320.0, 10.0, 25.0]"
28,160.7,73.7,35.31,34,0,84.2,5.59,1.1621679012345678,9.84,6.86,1.434402332361516,60.6,6.07,145,236.0,1,1,1,3,2,0,0,Zachary,Braun,zachary.braun75@example.com,%gQa9NNZZWfE,"[25.0, 22.0, 320.0, 35.8, 25.0]"
30,152.6,68.5,29.48,36,1,90.7,11.26,2.521683950617284,17.39,1.09,15.954128440366972,87.4,5.1,212,282.0,2,1,0,16,2,0,0,Debra,Daniels,debra.daniels76@example.com,hnB2JSBYaO%h,"[25.9, 22.0, 320.0, 21.2, 25.0]"
27,156.7,70.2,18.17,44,1,102.4,10.43,2.637116049382716,15.22,8.74,1.7414187643020596,44.3,4.55,187,197.0,1,2,1,15,0,0,1,Bryan,Wells,bryan.wells77@example.com,qrwAIBHDU#ea,"[26.1, 12.0, 332.9, 10.0, 7.0]"
20,160.6,39.0,28.43,25,1,108.4,17.69,4.734804938271606,4.93,8.61,0.5725900116144018,78.8,3.71,211,78.0,3,2,0,19,1,0,0,Andrew,Stuart,andrew.stuart78@example.com,WFKX!l@*@@Ex,"[29.3, 12.0, 320.0, 18.6, 25.0]"
43,153.0,60.8,21.95,39,0,87.9,14.87,3.227340740740741,15.47,7.49,2.0654205607476634,62.2,6.53,205,150.0,3,3,1,2,0,0,1,Zachary,Burke,zachary.burke79@example.com,e@jy#!FJ2X64,"[27.0, 12.0, 343.2, 10.0, 25.0]"
33,142.0,62.3,22.15,37,0,98.9,17.65,4.310086419753087,12.46,3.08,4.045454545454546,68.9,3.34,193,74.0,3,1,0,7,0,0,0,Erin,Williams,erin.williams80@example.com,z6^Bmub6HL@@,"[28.6, 12.0, 320.0, 10.0, 25.0]"
31,148.7,54.2,23.57,42,1,134.8,8.36,2.7825382716049387,11.62,10.19,1.140333660451423,46.2,4.56,155,150.0,1,2,1,2,1,0,0,Lori,Hale,lori.hale81@example.com,UIbAQKTpo4ND,"[26.3, 12.0, 335.4, 10.0, 7.3]"
36,153.4,77.3,18.81,30,0,95.8,4.44,1.050251851851852,10.78,5.05,2.1346534653465348,25.2,4.83,193,179.0,3,2,0,10,2,1,0,Charles,Melendez,charles.melendez82@example.com,iOIYj9JfVcKy,"[25.0, 12.0, 320.0, 10.0, 7.0]"
20,155.8,60.6,27.14,21,0,122.7,17.96,5.441214814814815,12.23,4.55,2.687912087912088,66.0,3.18,179,138.0,3,3,0,17,0,0,1,Michelle,Branch,michelle.branch83@example.com,sVN%T9JhE&Ju,"[30.3, 12.0, 320.0, 15.4, 25.0]"
41,159.8,60.8,31.17,32,0,68.8,11.41,1.9382913580246912,14.05,8.82,1.59297052154195,43.1,6.05,217,195.0,2,1,1,15,2,0,0,Christopher,Sexton,christopher.sexton84@example.com,0JIZuLiHXPad,"[25.1, 12.0, 320.7, 25.4, 7.0]"
38,157.4,52.9,27.35,33,0,110.3,19.97,5.4387432098765425,12.45,5.61,2.2192513368983953,42.4,4.92,176,164.0,3,2,0,22,1,1,0,Kimberly,King,kimberly.king85@example.com,ki6A%0xO4XWi,"[30.3, 12.0, 320.0, 15.9, 7.0]"
42,147.8,73.6,23.64,30,0,73.8,14.29,2.6039555555555554,10.65,7.47,1.42570281124498,40.6,4.83,152,279.0,3,1,0,12,3,0,1,Christopher,Rhodes,christopher.rhodes86@example.com,tnEwMxRBuSiY,"[26.1, 22.0, 320.0, 10.0, 7.0]"
36,161.0,29.5,25.93,41,0,94.4,16.55,3.8575802469135807,6.65,7.32,0.9084699453551913,43.5,6.33,186,44.0,3,3,0,1,1,0,0,Bryan,Kelley,bryan.kelley87@example.com,lT#YRhdbkZxg,"[27.9, 12.0, 320.0, 12.3, 7.0]"
39,163.3,73.8,23.84,30,0,81.0,19.49,3.8979999999999997,14.43,8.31,1.7364620938628157,38.0,6.03,203,86.0,2,3,0,14,3,1,0,Linda,Sanders,linda.sanders88@example.com,hmuvVTrOHk$G,"[28.0, 12.0, 320.0, 10.0, 7.0]"
42,135.1,62.5,21.9,32,0,93.7,7.67,1.774516049382716,4.91,6.98,0.7034383954154727,44.8,6.8,188,65.0,3,2,1,22,2,0,0,Marvin,Butler,marvin.butler89@example.com,qAdkT$4yI7ZV,"[25.0, 12.0, 320.0, 10.0, 7.0]"
24,147.9,58.6,28.5,36,1,85.7,0.4,0.08464197530864198,7.19,8.78,0.8189066059225514,59.2,4.19,155,163.0,2,3,0,20,3,0,0,Daniel,Brown,daniel.brown90@example.com,XjxHs6CLIht$,"[25.0, 12.0, 320.0, 18.8, 25.0]"
25,157.7,65.5,25.7,20,1,110.6,5.89,1.608479012345679,7.82,8.45,0.9254437869822486,69.1,7.38,114,69.0,1,3,0,12,2,0,0,Anne,Cardenas,anne.cardenas91@example.com,BH^KLtIK6NA#,"[24.6, 12.0, 320.0, 11.7, 25.0]"
37,155.3,57.0,21.6,39,1,102.7,18.24,4.625303703703703,10.91,7.41,1.4723346828609987,55.7,6.18,164,145.0,3,1,0,10,3,0,0,Victoria,Garcia,victoria.garcia92@example.com,HQqU%A5x2Km^,"[29.1, 12.0, 320.0, 10.0, 21.6]"
29,161.0,30.2,26.54,44,0,87.3,6.96,1.5002666666666666,9.38,6.73,1.3937592867756314,43.6,6.56,209,184.0,2,1,0,18,2,0,0,Kevin,Montoya,kevin.montoya93@example.com,&ZftgDhaUuGp,"[25.0, 12.0, 320.0, 13.8, 7.0]"
32,165.3,58.1,28.32,25,0,113.6,22.79,6.392454320987654,11.63,6.63,1.7541478129713426,89.6,6.7,130,143.0,3,2,1,10,1,0,0,Kelly,Tate,kelly.tate94@example.com,U%hQpUr%S3VU,"[31.7, 12.0, 398.6, 18.3, 25.0]"
34,171.4,76.1,25.78,44,0,78.9,24.12,4.698933333333334,10.52,8.04,1.3084577114427862,31.3,6.09,237,73.0,3,2,1,17,0,0,1,Shelley,Trevino,shelley.trevino95@example.com,TFC3g$kd@0D4,"[29.2, 12.0, 369.0, 12.0, 7.0]"
20,157.3,70.9,14.88,38,1,82.6,12.94,2.6391209876543207,4.56,5.92,0.7702702702702702,75.2,6.0,231,114.0,1,3,1,4,3,0,0,Claudia,Chandler,claudia.chandler96@example.com,6L32*3Ac##PV,"[26.1, 12.0, 332.9, 10.0, 25.0]"
20,149.0,57.6,21.32,40,1,100.6,13.06,3.2440395061728395,12.73,7.08,1.7980225988700564,90.8,11.37,124,139.0,2,2,0,24,1,0,0,Meredith,Thomas,meredith.thomas97@example.com,aruhCW7aVcRe,"[27.0, 12.0, 320.0, 10.0, 25.0]"
41,165.6,70.3,17.86,39,0,72.3,12.45,2.222555555555555,10.77,4.53,2.377483443708609,76.4,3.1,153,257.0,1,3,0,19,0,0,1,Matthew,Gross,matthew.gross98@example.com,DbmTqdwiJnQu,"[25.5, 12.0, 320.0, 10.0, 25.0]"
27,164.4,75.1,28.48,39,0,86.8,16.03,3.4355654320987656,14.67,5.04,2.9107142857142856,70.2,5.63,203,170.0,1,2,0,1,2,0,0,Timothy,Hammond,timothy.hammond99@example.com,q9xz5Iz28AzM,"[27.3, 12.0, 320.0, 18.7, 25.0]"
41,150.4,54.9,28.51,30,0,96.6,20.47,4.882474074074073,9.06,4.31,2.1020881670533647,54.2,5.63,192,136.0,3,2,0,8,3,0,0,Theresa,Ramsey,theresa.ramsey100@example.com,AIRxulPSD$zO,"[29.5, 12.0, 320.0, 18.8, 19.3]"
21,158.0,63.3,28.16,25,1,82.0,12.64,2.55920987654321,14.63,8.31,1.7605294825511433,44.5,9.6,223,93.0,2,1,0,1,1,0,0,Brittany,Cummings,brittany.cummings101@example.com,0Enuh4Rq%x0L,"[26.0, 12.0, 320.0, 17.9, 7.0]"
40,155.9,73.3,23.76,28,0,80.0,9.46,1.868641975308642,12.17,7.05,1.726241134751773,83.3,7.34,204,169.0,3,1,0,6,3,0,0,Sara,Garcia,sara.garcia102@example.com,OQE7Zta@oQjg,"[25.0, 12.0, 320.0, 10.0, 25.0]"
34,158.9,76.2,22.11,26,1,111.7,16.92,4.666577777777778,10.88,7.05,1.543262411347518,78.4,4.31,179,99.0,3,1,0,24,3,0,0,Brandon,Conner,brandon.conner103@example.com,v^^i!U$ECAI8,"[29.1, 12.0, 320.0, 10.0, 25.0]"
27,146.2,72.2,25.19,39,0,105.9,15.27,3.9928222222222223,13.81,4.37,3.160183066361556,54.2,3.36,239,139.0,2,3,1,24,3,0,0,Melissa,Barrett,melissa.barrett104@example.com,$c75MgZ%v2Vl,"[28.1, 12.0, 356.6, 10.5, 19.3]"
36,160.5,78.2,24.55,30,1,92.6,24.45,5.590296296296295,7.75,7.31,1.0601915184678523,41.1,7.5,186,129.0,1,3,0,14,3,0,0,Stephen,Adams,stephen.adams105@example.com,05F0J#l44K@N,"[30.5, 12.0, 320.0, 10.0, 7.0]"
23,154.8,57.7,25.62,33,0,109.4,16.65,4.4975555555555555,15.26,12.91,1.182029434546863,51.3,8.92,170,182.0,2,3,1,4,1,0,0,Tracey,Thornton,tracey.thornton106@example.com,zQ!Om^#iYk#e,"[28.9, 12.0, 365.5, 11.6, 14.9]"
43,156.7,71.7,24.73,35,1,79.6,22.28,4.378982716049383,8.03,2.14,3.7523364485981303,62.8,9.37,203,74.0,1,1,1,2,3,0,0,Valerie,Guerrero,valerie.guerrero107@example.com,ZN^v^c#Rdgj$,"[28.7, 12.0, 363.4, 10.0, 25.0]"
25,155.7,72.3,23.84,33,0,85.2,8.63,1.8154962962962964,13.78,8.02,1.718204488778055,69.5,6.12,285,157.0,1,1,0,1,2,0,1,Melissa,Hall,melissa.hall108@example.com,$0!%1TES52z5,"[25.0, 12.0, 320.0, 10.0, 25.0]"
31,157.2,48.3,19.35,37,1,85.9,15.72,3.334192592592593,14.14,3.18,4.446540880503145,62.4,4.04,175,192.0,3,3,1,5,0,0,1,Jennifer,Davis,jennifer.davis109@example.com,vTQt7Hp^tS$y,"[27.2, 12.0, 345.1, 10.0, 25.0]"
39,155.9,53.9,24.1,28,0,79.9,2.67,0.5267481481481482,17.15,5.61,3.0570409982174684,75.0,4.72,146,101.0,3,3,1,19,3,1,1,Mark,West,mark.west110@example.com,FITQp0B6B^9h,"[25.0, 12.0, 320.0, 10.0, 25.0]"
22,156.3,56.4,19.27,30,0,122.4,28.31,8.55591111111111,12.4,6.77,1.8316100443131464,56.2,7.06,173,232.0,3,2,0,23,1,0,1,Alexandra,Holder,alexandra.holder111@example.com,AWBCmqZmQ8@g,"[35.0, 22.0, 320.0, 10.0, 22.3]"
38,169.5,77.0,23.03,24,1,76.0,19.49,3.657382716049382,8.75,5.26,1.6634980988593158,73.2,7.45,190,128.0,1,1,1,19,3,0,0,Crystal,Rodriguez,crystal.rodriguez112@example.com,J9M7D@1#HZbC,"[27.6, 12.0, 350.8, 10.0, 25.0]"
43,156.7,70.5,26.63,39,1,98.0,9.82,2.3761975308641974,10.06,9.8,1.0265306122448978,41.1,1.54,208,170.0,3,1,0,21,2,0,0,Lauren,Wolf,lauren.wolf113@example.com,fwcpBn&$Bi*x,"[25.7, 12.0, 320.0, 14.1, 7.0]"
22,143.6,59.2,23.14,24,1,86.1,13.23,2.8126,17.4,5.49,3.1693989071038247,63.3,10.49,224,164.0,3,3,1,1,1,1,0,Maria,Donovan,maria.donovan114@example.com,qqXu1UJkdp@P,"[26.4, 12.0, 336.0, 10.0, 25.0]"
20,159.0,58.1,28.56,28,0,114.5,9.68,2.736691358024691,12.94,1.93,6.704663212435233,38.8,2.46,198,93.0,1,3,1,13,0,0,1,Kimberly,Holmes,kimberly.holmes115@example.com,Y$&3!U4Ow^WS,"[26.3, 12.0, 334.6, 18.9, 7.0]"
25,150.3,77.6,26.9,20,0,84.2,17.02,3.5384790123456793,2.86,6.06,0.47194719471947194,58.5,6.44,192,226.0,2,3,1,12,3,0,1,Elizabeth,Brown,elizabeth.brown116@example.com,BcnZ9wG6LXwD,"[27.5, 22.0, 348.7, 14.7, 25.0]"
40,153.8,55.5,25.06,37,1,113.7,16.25,4.562037037037037,10.52,8.58,1.2261072261072261,25.0,4.33,199,99.0,2,2,0,24,2,1,0,Nicholas,Russell,nicholas.russell117@example.com,66PzIKMk6HYq,"[29.0, 12.0, 320.0, 10.1, 7.0]"
28,164.1,59.6,17.37,37,0,80.1,3.19,0.6309111111111111,1.05,3.82,0.274869109947644,77.1,6.63,226,176.0,1,3,0,22,2,0,0,Jill,Brown,jill.brown118@example.com,s&K6o5w7daEK,"[25.0, 12.0, 320.0, 10.0, 25.0]"
26,157.3,54.1,32.74,26,1,112.5,21.72,6.033333333333333,13.3,10.59,1.2559017941454202,104.2,8.51,183,103.0,2,1,1,24,1,1,0,Jamie,Allen,jamie.allen119@example.com,8sluW&&C1**H,"[31.2, 12.0, 392.3, 29.4, 25.0]"
24,156.1,56.9,29.37,31,0,93.8,23.78,5.507565432098765,13.37,7.48,1.7874331550802136,38.4,6.7,178,96.0,3,2,0,17,2,0,1,James,Kennedy,james.kennedy120@example.com,BEW2bbG4XROr,"[30.4, 12.0, 320.0, 20.9, 7.0]"
25,152.5,73.5,22.8,32,1,94.4,5.4,1.2586666666666668,9.44,5.35,1.7644859813084113,58.2,4.48,188,151.0,1,1,1,21,1,0,0,Victoria,Murphy,victoria.murphy121@example.com,c3CgkXhO1hL$,"[25.0, 12.0, 320.0, 10.0, 25.0]"
41,161.0,60.8,30.88,42,1,99.3,21.22,5.202829629629629,7.91,6.88,1.1497093023255813,28.9,3.75,161,120.0,1,1,0,24,0,0,1,Carlos,Smith,carlos.smith122@example.com,0hwoLYIz^Y1Z,"[30.0, 12.0, 320.0, 24.7, 7.0]"
24,158.7,61.2,26.31,30,0,109.6,21.14,5.720849382716049,10.37,4.28,2.422897196261682,47.2,4.81,171,177.0,3,2,0,11,0,0,0,Julie,Long,julie.long123@example.com,wLaDCBCBzcct,"[30.7, 12.0, 320.0, 13.3, 8.8]"
29,167.6,49.5,26.68,30,1,100.9,17.01,4.237800000000001,11.75,6.21,1.892109500805153,58.3,7.15,224,230.0,2,1,0,8,2,1,1,Valerie,Wright,valerie.wright124@example.com,LG!R^x05U6nu,"[28.5, 22.0, 320.0, 14.2, 25.0]"
43,157.6,78.4,34.56,41,0,116.5,19.33,5.560358024691357,7.47,10.21,0.7316356513222331,69.7,4.11,184,138.0,3,2,1,18,2,1,1,Teresa,Edwards,teresa.edwards125@example.com,dpWwbgzoQGB0,"[30.5, 12.0, 384.1, 33.9, 25.0]"
34,160.2,61.2,25.46,26,1,95.8,15.63,3.6971703703703707,13.05,5.28,2.471590909090909,32.5,4.2,150,130.0,2,3,0,7,3,0,0,Tiffany,Randolph,tiffany.randolph126@example.com,Pm5f@UlHk7G@,"[27.7, 12.0, 320.0, 11.2, 7.0]"
39,160.8,55.6,24.12,39,0,87.3,17.28,3.7248,16.79,8.25,2.035151515151515,79.1,10.43,202,136.0,1,2,1,23,0,0,0,Richard,Davis,richard.davis127@example.com,b8j@DnJpW@YY,"[27.7, 12.0, 351.9, 10.0, 25.0]"
18,153.6,58.7,25.23,31,1,97.6,12.5,3.0123456790123457,11.87,5.97,1.9882747068676716,70.9,8.41,206,136.0,3,3,0,13,1,0,0,Christine,Willis,christine.willis128@example.com,qmXEiFsu$FJL,"[26.7, 12.0, 320.0, 10.6, 25.0]"
29,150.7,67.3,25.56,23,0,80.2,26.37,5.221911111111112,6.75,4.97,1.358148893360161,54.5,8.61,249,166.0,2,3,0,23,0,0,0,Dana,Thomas,dana.thomas129@example.com,jr8YUX#Fx@qR,"[30.0, 12.0, 320.0, 11.4, 19.8]"
25,155.0,42.7,22.72,35,1,78.0,13.85,2.6674074074074072,7.74,7.03,1.10099573257468,51.5,5.92,191,87.0,1,1,1,24,3,0,1,Mary,Cooper,mary.cooper130@example.com,6nPNxW1WYAm4,"[26.2, 12.0, 333.4, 10.0, 15.2]"
26,165.5,64.1,22.28,39,1,106.5,8.99,2.364037037037037,8.84,9.4,0.9404255319148935,62.6,7.06,220,129.0,1,1,0,5,1,0,0,Logan,Jones,logan.jones131@example.com,39ggm*RQFq^0,"[25.7, 12.0, 320.0, 10.0, 25.0]"
23,144.8,60.6,20.98,22,0,85.0,12.53,2.629753086419753,8.34,7.17,1.1631799163179917,49.9,8.35,154,116.0,1,3,0,16,1,0,0,Andrew,Cole,andrew.cole132@example.com,JGWfXifwC^JZ,"[26.1, 12.0, 320.0, 10.0, 12.8]"
30,146.3,64.0,20.37,33,1,72.5,5.98,1.0704938271604938,2.58,5.67,0.45502645502645506,46.2,7.34,194,125.0,2,3,0,21,1,0,0,Dean,Parker,dean.parker133@example.com,M5R*Xn7i$Txn,"[25.0, 12.0, 320.0, 10.0, 7.3]"
39,156.4,69.7,17.2,31,0,81.9,13.71,2.772466666666667,13.37,8.5,1.572941176470588,35.3,6.34,232,102.0,1,1,0,24,2,0,0,Joan,Webster,joan.webster134@example.com,tPIxl&4rme2o,"[26.3, 12.0, 320.0, 10.0, 7.0]"
40,146.2,67.8,27.7,23,0,80.4,7.98,1.5841777777777781,14.33,6.62,2.1646525679758306,60.4,9.63,150,204.0,3,1,1,8,1,0,0,Sean,Walker,sean.walker135@example.com,@RN3k@zSfE%q,"[25.0, 18.5, 320.0, 16.8, 25.0]"
36,166.0,41.7,30.91,42,1,100.8,9.33,2.3221333333333334,4.56,7.76,0.5876288659793814,56.0,5.11,222,85.0,3,3,0,17,2,0,0,Courtney,Cruz,courtney.cruz136@example.com,F&1xSkNj23S@,"[25.6, 12.0, 320.0, 24.8, 22.0]"
18,164.6,43.5,24.05,33,1,84.6,14.61,3.0518666666666663,5.26,5.9,0.8915254237288135,26.9,6.29,234,114.0,2,3,0,5,1,0,1,Traci,Cannon,traci.cannon137@example.com,9bfpSOuf!5pX,"[26.7, 12.0, 320.0, 10.0, 7.0]"
18,157.5,92.8,21.97,30,1,87.4,3.47,0.7488345679012346,14.11,6.71,2.1028315946348735,38.0,3.93,160,231.0,2,2,0,4,2,0,0,Michaela,Nelson,michaela.nelson138@example.com,eM%X1x&ydCzy,"[25.0, 22.0, 320.0, 10.0, 7.0]"
18,154.5,62.5,31.27,43,1,110.2,16.58,4.511397530864197,12.9,6.62,1.948640483383686,32.9,5.73,178,91.0,2,3,0,5,3,0,0,Katie,Henderson,katie.henderson139@example.com,EbVgJAr68yoC,"[28.9, 12.0, 320.0, 25.7, 7.0]"
19,142.5,51.3,14.83,26,1,89.0,9.63,2.1162222222222224,11.36,3.49,3.255014326647564,67.6,2.38,208,81.0,1,1,0,15,0,1,0,Jonathan,Wilson,jonathan.wilson140@example.com,wUGBMVwGMn3$,"[25.3, 12.0, 320.0, 10.0, 25.0]"
19,154.9,43.5,19.29,39,0,105.6,18.51,4.826311111111111,12.52,6.47,1.9350850077279753,57.8,3.85,178,108.0,2,2,0,3,0,0,0,William,Banks,william.banks141@example.com,JUgcpTQ7f%NU,"[29.4, 12.0, 320.0, 10.0, 24.7]"
18,160.9,57.0,30.7,38,1,101.1,26.18,6.535303703703703,6.92,8.46,0.817966903073286,23.1,7.38,172,156.0,1,3,1,17,1,0,0,Jonathan,Davis,jonathan.davis142@example.com,Q7@IM7SZyrh$,"[32.0, 12.0, 401.1, 24.2, 7.0]"
41,168.0,87.9,19.83,36,1,116.7,13.51,3.8928814814814814,13.04,7.01,1.8601997146932951,47.8,4.9,157,143.0,1,2,0,4,1,0,0,Brenda,Rose,brenda.rose143@example.com,3lMpxIssN4z9,"[28.0, 12.0, 320.0, 10.0, 9.7]"
41,147.4,72.1,20.6,33,1,95.4,2.73,0.6430666666666667,11.9,4.21,2.826603325415677,103.0,5.49,216,188.0,1,2,1,21,1,0,1,Jennifer,Cline,jennifer.cline144@example.com,Uj&#QI$bRxi^,"[25.0, 12.0, 320.0, 10.0, 25.0]"
25,151.1,79.5,27.76,40,0,115.8,13.91,3.9772296296296297,12.85,4.49,2.861915367483296,77.3,5.89,196,109.0,2,3,0,10,3,0,0,Garrett,Mcpherson,garrett.mcpherson145@example.com,x7C%U%9u8k@H,"[28.1, 12.0, 320.0, 16.9, 25.0]"
18,151.3,57.6,18.91,27,1,115.4,3.16,0.9004049382716051,4.17,5.46,0.7637362637362637,48.8,3.6,197,53.0,1,1,0,7,3,0,0,Keith,Paul,keith.paul146@example.com,HslnsAf56*Y4,"[23.5, 12.0, 320.0, 10.0, 11.2]"
20,153.9,37.9,27.55,18,1,92.8,12.14,2.781708641975309,11.24,8.73,1.2875143184421534,31.5,8.27,205,78.0,2,3,0,18,2,0,0,Jimmy,Wolf,jimmy.wolf147@example.com,1Tan%E8zv^v$,"[26.3, 12.0, 320.0, 16.4, 7.0]"
20,163.8,63.4,12.57,33,0,97.2,3.53,0.8472,20.06,7.63,2.6290956749672345,94.0,7.7,169,234.0,1,2,1,19,1,1,0,Michael,Mills,michael.mills148@example.com,v0*dLBKEnL@R,"[25.0, 22.0, 320.0, 10.0, 25.0]"
33,160.6,63.8,28.82,32,0,102.7,3.49,0.8849950617283953,15.12,7.17,2.108786610878661,25.5,4.3,230,254.0,2,3,0,23,3,0,0,Nicole,Gallagher,nicole.gallagher149@example.com,vP%u!Af*Bsk@,"[23.5, 22.0, 320.0, 19.6, 7.0]"
31,158.2,67.5,29.19,29,0,98.0,13.85,3.351358024691358,21.59,9.21,2.344191096634093,13.7,1.01,142,272.0,2,3,0,1,2,0,1,Katherine,Hendricks,katherine.hendricks150@example.com,DVGVz7PWJWzn,"[27.2, 22.0, 320.0, 20.5, 7.0]"
43,143.0,46.0,21.53,22,0,116.9,20.02,5.778612345679012,14.96,7.15,2.0923076923076924,85.3,2.26,273,79.0,3,3,0,19,1,0,1,Robert,King,robert.king151@example.com,JFd6v1bt^ljV,"[30.8, 12.0, 320.0, 10.0, 25.0]"
22,156.2,55.2,22.76,37,0,87.4,5.37,1.1588592592592593,10.35,3.35,3.08955223880597,64.4,9.07,178,115.0,2,1,0,18,2,0,1,Maria,Silva,maria.silva152@example.com,s5zhMEvbJ2gT,"[25.0, 12.0, 320.0, 10.0, 25.0]"
26,148.4,51.0,24.06,32,1,102.9,14.36,3.6485037037037036,10.57,4.04,2.616336633663366,91.8,7.46,185,192.0,2,2,0,4,0,0,0,Joseph,Hendrix,joseph.hendrix153@example.com,llHpFUdJWHIP,"[27.6, 12.0, 320.0, 10.0, 25.0]"
44,153.6,53.6,27.69,33,1,96.3,7.24,1.721511111111111,6.6,1.89,3.492063492063492,60.9,5.08,303,190.0,1,1,0,15,1,0,0,Patricia,Marsh,patricia.marsh154@example.com,A9^a9$ncD!TB,"[25.0, 12.0, 320.0, 16.7, 25.0]"
18,152.2,53.1,28.32,30,1,127.7,13.77,4.3418,6.98,7.97,0.875784190715182,82.9,8.91,189,72.0,3,2,1,5,3,0,1,Steven,Brock,steven.brock155@example.com,okb3XS6BMFqK,"[28.7, 12.0, 362.7, 18.3, 25.0]"
44,154.4,68.9,30.72,41,0,109.8,14.71,3.9880444444444447,4.87,6.85,0.710948905109489,24.2,5.57,193,176.0,3,3,1,0,3,0,0,Raymond,Roberts,raymond.roberts156@example.com,dklDgJ*ZFRiX,"[28.1, 12.0, 356.5, 24.3, 7.0]"
35,161.0,70.9,27.51,35,0,79.4,7.81,1.5311456790123457,13.01,6.75,1.9274074074074075,23.9,6.76,180,112.0,2,1,1,9,1,0,0,Lisa,Obrien,lisa.obrien157@example.com,9F^dTfyj*Soq,"[25.0, 12.0, 320.0, 16.3, 7.0]"
18,161.0,48.7,23.56,33,0,78.3,22.89,4.4254,14.61,5.62,2.5996441281138787,41.7,3.98,112,62.0,1,3,1,17,2,0,0,Julia,Jones,julia.jones158@example.com,u372nr9PA7@E,"[28.8, 12.0, 364.2, 10.0, 7.0]"
33,154.4,57.1,30.27,27,0,114.1,4.21,1.1860765432098765,20.95,9.35,2.2406417112299466,70.5,5.76,193,100.0,1,1,0,6,0,0,0,Alexandra,Butler,alexandra.butler159@example.com,wuX!x$o!NppG,"[23.9, 12.0, 320.0, 23.2, 25.0]"
18,153.2,65.4,32.8,30,0,124.9,14.69,4.530323456790123,18.82,4.31,4.366589327146172,53.8,10.58,164,178.0,1,1,1,17,0,1,0,Billy,Richard,billy.richard160@example.com,neeWBPxs0Iu7,"[28.9, 12.0, 366.0, 29.5, 18.7]"
24,160.1,57.1,23.33,31,1,75.6,9.49,1.7714666666666665,2.82,5.73,0.49214659685863865,64.1,7.59,192,68.0,1,3,1,21,0,1,0,Shawn,Mendoza,shawn.mendoza161@example.com,O@YneK0eR&u$,"[25.0, 12.0, 320.0, 10.0, 25.0]"
29,146.9,50.1,18.95,40,0,82.8,7.4,1.512888888888889,17.94,7.45,2.408053691275168,37.5,1.51,194,199.0,1,3,0,4,2,1,0,Becky,Howell,becky.howell162@example.com,DS9ke67ROxje,"[25.0, 12.0, 320.0, 10.0, 7.0]"
23,158.7,90.4,26.72,38,0,90.5,13.44,3.0032592592592593,6.78,6.71,1.0104321907600597,0.9,5.53,206,187.0,3,2,0,14,0,0,0,David,Gonzalez,david.gonzalez163@example.com,ouzdEexHa*U4,"[26.7, 12.0, 320.0, 14.3, 7.0]"
19,151.8,78.5,19.29,37,0,91.1,27.15,6.107074074074074,14.47,7.75,1.8670967741935485,57.6,6.24,224,139.0,1,2,0,24,3,0,1,Corey,Little,corey.little164@example.com,Ue$jtHiMFI1M,"[31.3, 12.0, 320.0, 10.0, 24.4]"
40,160.7,63.1,24.64,25,0,84.5,16.52,3.4467654320987657,10.04,8.2,1.224390243902439,38.1,6.7,209,214.0,1,3,0,5,0,0,0,Geoffrey,Neal,geoffrey.neal165@example.com,6aC&29o*4R%Q,"[27.3, 12.0, 320.0, 10.0, 7.0]"
20,164.4,66.9,29.15,33,1,80.6,16.02,3.1881777777777773,16.54,5.24,3.15648854961832,85.5,3.32,191,91.0,2,1,1,19,0,1,1,Krystal,Goodman,krystal.goodman166@example.com,L8!!U2p*cF&K,"[26.9, 12.0, 342.5, 20.4, 25.0]"
20,154.7,66.5,20.82,26,1,102.8,7.65,1.9417777777777776,13.45,4.78,2.813807531380753,72.6,5.7,183,113.0,1,1,1,8,0,0,0,Tina,Holmes,tina.holmes167@example.com,F8iVteoRfo4n,"[25.1, 12.0, 320.7, 10.0, 25.0]"
32,165.2,58.4,14.09,41,0,83.2,19.95,4.09837037037037,7.32,4.91,1.490835030549898,28.1,4.35,193,130.0,2,1,0,8,3,0,0,Amanda,Lane,amanda.lane168@example.com,9G7&SQ67#ne@,"[28.3, 12.0, 320.0, 10.0, 7.0]"
18,175.0,83.7,22.33,26,1,83.2,16.91,3.473856790123457,15.88,10.33,1.537270087124879,65.5,4.17,181,78.0,1,1,0,11,3,0,1,Cassandra,Stone,cassandra.stone169@example.com,6MgI!MDyH3Dv,"[27.4, 12.0, 320.0, 10.0, 25.0]"
37,156.9,86.3,30.0,25,1,105.4,16.4,4.2680493827160495,1.29,8.96,0.14397321428571427,49.2,5.3,222,67.0,1,3,0,5,2,1,0,Jonathon,Miles,jonathon.miles170@example.com,H2WeejKazRb8,"[28.6, 12.0, 320.0, 22.5, 11.8]"
18,148.6,68.0,25.65,27,1,88.7,14.71,3.2216716049382716,11.01,4.02,2.738805970149254,53.0,7.82,181,284.0,1,3,1,0,3,0,0,Kathryn,Reed,kathryn.reed171@example.com,iuRUmD^DAoXV,"[27.0, 22.0, 343.1, 11.6, 17.5]"
24,158.4,65.6,24.13,29,0,84.5,13.5,2.816666666666667,16.37,6.29,2.6025437201907793,54.0,3.09,161,86.0,3,1,1,19,2,0,0,Cory,Willis,cory.willis172@example.com,!%y2FbJzsX5t,"[26.4, 12.0, 336.0, 10.0, 19.0]"
40,162.3,34.6,25.7,15,0,101.6,21.16,5.3082864197530855,9.13,7.32,1.2472677595628416,58.4,4.82,215,61.0,2,3,0,24,2,0,0,John,Murphy,john.murphy173@example.com,Y^TC$*yIfWYp,"[30.1, 12.0, 320.0, 11.7, 25.0]"
18,152.8,59.4,19.63,30,0,102.1,19.95,5.02937037037037,13.31,4.6,2.8934782608695655,66.9,6.88,208,202.0,2,3,0,17,0,0,0,Nancy,Norton,nancy.norton174@example.com,zm99ECkDjcZ9,"[29.7, 12.0, 320.0, 10.0, 25.0]"
27,168.3,54.4,24.74,30,0,86.2,23.19,4.935748148148148,8.54,8.92,0.9573991031390133,64.9,2.98,238,181.0,1,3,0,22,2,0,0,Stephanie,Aguilar,stephanie.aguilar175@example.com,%^zxhXu#&MLs,"[29.6, 12.0, 320.0, 10.0, 25.0]"
24,154.0,65.3,32.53,25,0,116.0,12.89,3.6919506172839505,12.12,8.59,1.410942956926659,72.2,4.06,202,197.0,3,2,1,20,0,0,0,Jessica,Wright,jessica.wright176@example.com,Dxorv*YYUTZQ,"[27.7, 12.0, 351.4, 28.8, 25.0]"
24,144.1,71.8,29.14,28,0,110.9,7.24,1.9825086419753088,12.69,3.01,4.21594684385382,58.7,6.94,182,67.0,1,3,0,9,2,1,1,Colleen,Pierce,colleen.pierce177@example.com,NUlIpH4P8U*L,"[25.1, 12.0, 320.0, 20.4, 25.0]"
36,162.9,61.0,25.42,40,0,93.6,16.31,3.7694222222222216,13.1,6.39,2.0500782472613457,51.7,6.92,122,140.0,1,2,0,2,1,0,0,James,Walsh,james.walsh178@example.com,K1FTpW&^qFyN,"[27.8, 12.0, 320.0, 11.1, 15.6]"
36,160.9,65.8,27.08,27,0,96.1,13.42,3.18435061728395,11.43,6.37,1.7943485086342228,64.1,2.64,195,112.0,1,3,0,21,3,0,1,Dana,White,dana.white179@example.com,MroAyfJWy1F9,"[26.9, 12.0, 320.0, 15.2, 25.0]"
23,162.9,75.2,32.92,28,0,91.4,18.83,4.249535802469135,6.25,7.96,0.785175879396985,69.5,9.77,193,51.0,2,2,0,11,1,0,0,Kimberly,Ramirez,kimberly.ramirez180@example.com,QFEfXX!&JKPA,"[28.5, 12.0, 320.0, 29.8, 25.0]"
40,158.8,53.7,24.31,29,1,88.5,1.88,0.4108148148148148,10.67,2.75,3.88,77.2,8.86,158,202.0,2,2,0,19,2,0,0,Pamela,Hill,pamela.hill181@example.com,#9Xqr8tCwHXS,"[25.0, 16.5, 320.0, 10.0, 25.0]"
41,149.4,57.2,19.63,29,0,110.4,13.12,3.576414814814815,5.03,4.36,1.1536697247706422,43.9,7.55,215,160.0,3,2,0,8,3,0,0,Olivia,Adkins,olivia.adkins182@example.com,oHAXbK1ZA$nX,"[27.5, 12.0, 320.0, 10.0, 7.0]"
28,170.3,82.2,27.63,34,1,99.4,13.95,3.423777777777778,11.66,6.05,1.9272727272727272,57.8,3.08,176,106.0,2,2,0,17,3,1,1,Kyle,Moore,kyle.moore183@example.com,Bs3uw3Bl@dNb,"[27.3, 12.0, 320.0, 16.6, 24.7]"
31,146.7,52.4,17.78,31,0,69.6,12.57,2.1601777777777778,6.28,3.8,1.6526315789473687,50.9,9.53,189,160.0,1,2,1,22,3,1,0,William,Wood,william.wood184@example.com,h$gq#x#9NjsX,"[25.4, 12.0, 324.6, 10.0, 14.3]"
38,160.1,60.3,26.86,40,0,94.2,20.11,4.677437037037037,11.19,7.38,1.5162601626016259,75.5,4.09,204,162.0,3,1,0,2,0,0,0,Charlene,Vasquez,charlene.vasquez185@example.com,#2HRdgiuAF$q,"[29.2, 12.0, 320.0, 14.6, 25.0]"
21,161.1,57.8,29.35,26,0,82.6,4.33,0.8831061728395061,12.01,6.36,1.8883647798742138,23.3,7.58,146,198.0,1,1,1,17,0,0,0,Antonio,Roberts,antonio.roberts186@example.com,6q4!KyT6pusC,"[25.0, 12.0, 320.0, 20.9, 7.0]"
34,164.0,78.2,25.7,38,0,102.0,15.12,3.808,8.58,4.61,1.8611713665943599,40.2,7.53,114,99.0,3,3,0,24,3,0,0,Amy,Holt,amy.holt187@example.com,kg4lsAdrvR6G,"[27.9, 12.0, 320.0, 11.7, 7.0]"
43,166.1,60.6,18.41,29,0,85.4,8.74,1.8429530864197532,16.84,8.92,1.8878923766816142,27.0,4.59,194,203.0,2,3,0,1,2,0,0,John,Dunn,john.dunn188@example.com,o9SbjG$cB%qu,"[25.0, 18.0, 320.0, 10.0, 7.0]"
24,153.7,62.2,19.85,25,0,111.6,13.3,3.6648888888888886,13.13,10.19,1.2885181550539746,73.4,6.33,192,172.0,3,1,0,6,3,1,0,James,Adkins,james.adkins189@example.com,5CA1my%CK@3m,"[27.6, 12.0, 320.0, 10.0, 25.0]"
25,150.5,58.1,29.19,31,0,120.8,14.38,4.2891456790123454,16.07,7.66,2.097911227154047,59.6,8.03,225,209.0,2,3,1,24,3,0,0,Crystal,Torres,crystal.torres190@example.com,AO^A7a94$9bF,"[28.6, 22.0, 361.8, 20.5, 25.0]"
23,161.8,56.3,23.82,16,1,52.7,7.88,1.025372839506173,17.13,7.82,2.1905370843989767,51.1,8.72,195,72.0,1,2,0,9,0,0,0,Dennis,Mercer,dennis.mercer191@example.com,lyvoMQ#HvJXG,"[25.0, 12.0, 320.0, 10.0, 14.7]"
40,153.1,51.4,26.37,44,1,87.5,21.3,4.601851851851852,3.0,7.37,0.40705563093622793,64.3,4.7,226,71.0,3,2,1,23,1,1,0,Gregory,Knight,gregory.knight192@example.com,6%2aeu&HFNbX,"[29.1, 12.0, 367.3, 13.4, 25.0]"
30,158.4,74.3,29.54,22,1,81.1,11.88,2.3789333333333333,2.6,6.58,0.3951367781155015,48.6,5.73,199,138.0,1,3,1,15,3,1,0,Eric,Hill,eric.hill193@example.com,s57^5U9zHaAi,"[25.7, 12.0, 328.4, 21.3, 10.9]"
42,167.5,75.5,26.45,36,1,99.5,36.29,8.915691358024691,6.15,6.9,0.8913043478260869,37.9,7.6,131,171.0,1,1,1,20,1,0,0,Jacob,Harrell,jacob.harrell194@example.com,rwKP797D0tiX,"[35.5, 12.0, 442.8, 13.6, 7.0]"
28,157.1,78.3,21.49,13,1,76.8,17.46,3.3109333333333337,14.19,4.71,3.0127388535031847,54.5,2.22,217,111.0,2,3,1,19,0,0,0,Zachary,Rodriguez,zachary.rodriguez195@example.com,YEdM!dGSYeZQ,"[27.1, 12.0, 344.7, 10.0, 19.8]"
42,153.3,69.4,26.39,38,0,90.3,2.19,0.48828888888888883,8.74,4.11,2.1265206812652067,17.2,4.12,204,182.0,3,1,0,2,2,0,0,Benjamin,Greene,benjamin.greene196@example.com,OA7&jRI$bgNq,"[25.0, 12.0, 320.0, 13.5, 7.0]"
36,160.5,47.6,25.48,30,1,52.4,19.48,2.520375308641975,15.72,8.79,1.7883959044368603,24.4,8.43,202,119.0,1,2,0,6,2,0,0,John,Ayala,john.ayala197@example.com,SPH#Km2MCFD3,"[25.9, 12.0, 320.0, 11.2, 7.0]"
39,152.7,41.4,28.59,30,1,75.6,25.05,4.676,7.01,7.65,0.9163398692810457,47.5,6.28,164,116.0,1,2,0,5,3,1,0,Chelsea,Estrada,chelsea.estrada198@example.com,q*tg6WqlTY0W,"[29.2, 12.0, 320.0, 19.0, 9.2]"
26,146.5,66.3,19.09,31,1,103.8,30.04,7.699140740740741,7.45,3.77,1.9761273209549073,72.4,8.3,227,205.0,3,3,1,8,2,0,1,Gregory,Robinson,gregory.robinson199@example.com,yutwSSvn%O5S,"[33.7, 21.0, 421.5, 10.0, 25.0]"
31,159.2,59.3,20.06,31,0,89.9,9.98,2.2153135802469137,11.61,8.55,1.357894736842105,67.0,4.4,176,188.0,1,1,1,20,3,0,1,Kristina,Archer,kristina.archer200@example.com,dZG$iue&i9j9,"[25.5, 12.0, 325.5, 10.0, 25.0]"
37,152.1,68.1,22.51,28,1,85.5,3.99,0.8423333333333334,10.93,5.94,1.84006734006734,62.4,7.59,283,249.0,2,3,1,5,2,0,0,Thomas,Owens,thomas.owens201@example.com,$ZWl@Lb69EX@,"[25.0, 22.0, 320.0, 10.0, 25.0]"
29,148.9,45.1,27.65,35,0,84.3,17.12,3.5634962962962966,7.82,4.84,1.615702479338843,34.6,4.89,222,174.0,2,2,0,16,1,0,1,Tracy,Rodriguez,tracy.rodriguez202@example.com,K2AeN%AbgCgZ,"[27.5, 12.0, 320.0, 16.6, 7.0]"
29,157.4,60.2,22.82,51,0,106.2,8.4,2.2026666666666666,18.09,7.34,2.464577656675749,64.8,4.32,201,105.0,2,1,1,22,1,0,0,Gregory,Davis,gregory.davis203@example.com,LG3YBYA$lxG%,"[25.5, 12.0, 325.3, 10.0, 25.0]"
31,152.0,56.9,20.43,30,0,104.0,12.04,3.091753086419753,17.04,9.65,1.76580310880829,34.7,3.11,196,160.0,3,1,1,20,1,1,0,Cory,Bell,cory.bell204@example.com,I*N42k$^oTUZ,"[26.8, 12.0, 340.9, 10.0, 7.0]"
27,143.4,63.1,25.94,33,1,116.7,15.49,4.463414814814815,9.56,7.32,1.3060109289617488,52.6,5.42,189,86.0,1,1,0,7,0,0,0,Gary,Frye,gary.frye205@example.com,P8HUOjZSH&8H,"[28.8, 12.0, 320.0, 12.4, 16.9]"
36,156.8,59.9,17.22,25,0,76.1,13.18,2.4765382716049382,0.13,7.98,0.016290726817042606,57.3,1.76,153,107.0,3,2,0,9,2,0,1,Kristi,Sheppard,kristi.sheppard206@example.com,uuC#T*HWAJtK,"[25.9, 12.0, 320.0, 10.0, 23.9]"
37,158.6,39.4,15.49,38,0,113.1,9.68,2.7032296296296296,8.47,5.95,1.423529411764706,14.4,3.89,135,156.0,3,2,1,11,2,1,0,Angel,Briggs,angel.briggs207@example.com,SS5u2r1aKb3M,"[26.2, 12.0, 334.1, 10.0, 7.0]"
18,157.4,50.6,24.86,31,0,96.2,12.9,3.0641481481481483,10.56,5.21,2.026871401151632,53.5,6.31,255,93.0,2,1,0,13,0,0,0,Kathy,Ball,kathy.ball208@example.com,lIFPE8IgKH#F,"[26.7, 12.0, 320.0, 10.0, 18.2]"
23,157.2,53.4,18.54,23,1,101.1,20.67,5.1598444444444445,12.61,6.39,1.97339593114241,94.6,7.93,211,252.0,2,1,0,21,0,1,1,Brian,Schmitt,brian.schmitt209@example.com,2CB037Srdk9P,"[29.9, 12.0, 320.0, 10.0, 25.0]"
33,159.9,47.8,26.31,33,1,93.8,8.13,1.8829481481481483,11.67,9.05,1.2895027624309392,44.9,8.02,176,143.0,2,3,1,12,1,1,1,Vanessa,Schultz,vanessa.schultz210@example.com,d6KCPcRnulQj,"[25.0, 12.0, 320.0, 13.3, 7.0]"
30,150.9,51.6,17.86,35,0,104.3,11.26,2.8997975308641974,15.8,4.31,3.6658932714617176,17.1,8.32,155,152.0,3,1,0,6,1,1,0,Jenna,Harris,jenna.harris211@example.com,fC@kwPo%1t7A,"[26.5, 12.0, 320.0, 10.0, 7.0]"
26,161.4,63.1,21.19,38,0,86.3,8.83,1.8815530864197532,8.67,5.47,1.5850091407678246,77.5,4.14,219,86.0,2,3,1,24,2,0,0,Megan,Davis,megan.davis212@example.com,M#KjTkPnTWQA,"[25.0, 12.0, 320.0, 10.0, 25.0]"
39,154.6,73.7,21.91,33,0,100.4,7.01,1.7377876543209876,2.45,4.82,0.508298755186722,50.8,5.2,264,90.0,1,3,1,4,2,0,0,Cheryl,Eaton,cheryl.eaton213@example.com,CYP8w@whlMHK,"[24.8, 12.0, 320.0, 10.0, 14.2]"
21,166.3,67.8,24.72,21,1,77.3,13.73,2.6205654320987652,3.67,6.54,0.5611620795107034,40.0,5.6,145,189.0,2,1,1,12,2,0,0,Lee,Bryant,lee.bryant214@example.com,V6SXJ3QFR7xE,"[26.1, 12.0, 332.6, 10.0, 7.0]"
43,148.3,45.9,23.53,30,1,96.5,8.32,1.9824197530864198,12.46,5.95,2.0941176470588236,46.1,7.66,194,43.0,3,3,0,19,1,1,0,Elaine,Smith,elaine.smith215@example.com,tNk!1GaZfyqP,"[25.1, 12.0, 320.0, 10.0, 7.2]"
32,156.0,69.4,20.44,27,0,110.6,17.15,4.683432098765431,14.13,2.58,5.476744186046512,22.1,8.94,200,65.0,3,1,0,9,2,0,1,James,Clarke,james.clarke216@example.com,U!6qJ$HNwXgM,"[29.2, 12.0, 320.0, 10.0, 7.0]"
34,165.4,80.5,35.42,38,0,100.7,14.73,3.662496296296297,5.64,4.77,1.1823899371069182,40.5,3.28,168,113.0,1,2,1,15,1,0,0,Stephanie,Taylor,stephanie.taylor217@example.com,BGdi6I!mr4$#,"[27.6, 12.0, 350.8, 36.1, 7.0]"
20,149.4,36.2,25.86,33,0,84.3,15.61,3.2491925925925926,14.29,7.48,1.9104278074866308,50.7,6.52,193,132.0,3,3,0,4,2,0,0,Eric,Williams,eric.williams218@example.com,GalqS2^7lKc7,"[27.0, 12.0, 320.0, 12.1, 14.1]"
28,160.6,66.8,30.85,29,0,60.4,4.39,0.654706172839506,7.08,8.87,0.7981961668545661,67.6,9.45,138,162.0,1,2,0,18,1,1,0,Karen,Petty,karen.petty219@example.com,%SnvnydgS%tT,"[25.0, 12.0, 320.0, 24.6, 25.0]"
29,171.7,68.6,29.29,35,0,100.5,15.77,3.9132962962962963,3.92,4.97,0.7887323943661972,57.4,4.14,182,121.0,2,3,0,17,1,0,0,Antonio,Carrillo,antonio.carrillo220@example.com,ht2Aro6hqfnk,"[28.0, 12.0, 320.0, 20.7, 24.1]"
33,147.5,74.0,25.31,32,1,93.7,25.57,5.915824691358025,8.9,6.74,1.3204747774480712,46.5,4.12,217,104.0,3,2,0,6,1,1,0,Anita,Perez,anita.perez221@example.com,tllajUiBLvNE,"[31.0, 12.0, 320.0, 10.8, 7.8]"
24,158.8,78.7,26.43,24,0,121.7,17.88,5.37282962962963,11.33,5.41,2.0942698706099816,56.1,1.8,220,196.0,1,1,1,22,2,0,0,Felicia,Tucker,felicia.tucker222@example.com,9qMYG8klA7Fm,"[30.2, 12.0, 380.8, 13.6, 22.2]"
30,154.4,63.2,28.04,20,0,71.9,15.23,2.7037950617283952,9.29,7.27,1.277854195323246,81.0,2.77,187,154.0,3,1,0,17,3,0,0,Jason,Perez,jason.perez223@example.com,REe#gIL^50rR,"[26.2, 12.0, 320.0, 17.6, 25.0]"
21,159.0,63.6,16.69,40,1,105.2,21.99,5.71197037037037,6.39,4.66,1.3712446351931329,55.3,2.63,229,215.0,3,1,1,15,1,0,0,Jose,Garcia,jose.garcia224@example.com,AGp0@GtrjycJ,"[30.7, 22.0, 386.7, 10.0, 20.9]"
42,150.9,59.2,27.67,25,1,87.1,6.98,1.5011308641975307,14.27,7.93,1.7994955863808324,43.5,3.69,220,77.0,2,3,0,0,3,0,0,Nicholas,Parks,nicholas.parks225@example.com,%0CrEysDq!bV,"[25.0, 12.0, 320.0, 16.7, 7.0]"
40,150.9,65.1,22.13,32,1,69.8,7.49,1.290869135802469,13.99,7.32,1.9112021857923496,40.8,5.03,164,161.0,1,1,1,8,3,1,0,Christopher,Snyder,christopher.snyder226@example.com,06OsT&*rW3&T,"[25.0, 12.0, 320.0, 10.0, 7.0]"
44,150.7,51.3,24.21,27,0,82.3,12.96,2.6336,12.94,6.08,2.1282894736842106,47.6,6.78,138,148.0,3,1,1,4,1,0,0,Sarah,Kim,sarah.kim227@example.com,KM@A1gqMf4Iz,"[26.1, 12.0, 332.8, 10.0, 9.4]"
28,153.1,53.4,25.35,20,1,106.0,9.11,2.3843456790123456,7.72,6.58,1.1732522796352582,77.4,7.82,217,223.0,3,1,1,7,2,0,1,Dakota,Mueller,dakota.mueller228@example.com,$6RVs^Y%5!2v,"[25.7, 22.0, 328.5, 10.9, 25.0]"
25,175.5,81.2,22.86,21,1,91.8,3.36,0.7615999999999999,10.01,4.08,2.4534313725490193,102.0,8.03,200,180.0,2,2,1,16,1,0,0,Melinda,Rodriguez,melinda.rodriguez229@example.com,gN*WErCHopgo,"[25.0, 12.0, 320.0, 10.0, 25.0]"
19,163.4,95.1,21.34,30,0,92.1,4.48,1.0187851851851852,9.48,6.98,1.3581661891117478,42.4,6.67,190,131.0,1,3,1,12,0,1,0,Lisa,Rich,lisa.rich230@example.com,mHaQY1sF&xcG,"[25.0, 12.0, 320.0, 10.0, 7.0]"
34,148.8,36.5,24.44,34,0,89.9,13.85,3.074358024691358,8.54,4.24,2.014150943396226,38.0,4.97,252,79.0,3,1,1,23,2,1,1,Jennifer,Harding,jennifer.harding231@example.com,2IAWJcHj^zEv,"[26.8, 12.0, 340.6, 10.0, 7.0]"
37,148.3,59.4,20.44,37,0,83.6,24.66,5.090311111111111,5.76,5.21,1.1055662188099808,82.5,5.49,178,157.0,3,2,1,0,0,0,0,Kaitlyn,Bush,kaitlyn.bush232@example.com,uoDlolV7R&2a,"[29.8, 12.0, 375.8, 10.0, 25.0]"
36,157.6,60.1,21.69,38,1,101.8,18.25,4.587283950617284,12.24,6.41,1.9095163806552262,37.8,5.12,193,273.0,2,2,0,20,0,0,1,Donald,Barrera,donald.barrera233@example.com,s$YiKw*GnN$j,"[29.0, 12.0, 320.0, 10.0, 7.0]"
37,149.9,80.0,26.31,33,0,110.6,17.86,4.877323456790123,7.52,8.31,0.904933814681107,63.3,5.34,196,121.0,1,3,0,2,3,0,0,Melissa,Gomez,melissa.gomez234@example.com,tJsTdJ5Zu4GE,"[29.5, 12.0, 320.0, 13.3, 25.0]"
20,147.8,64.3,35.18,38,0,75.6,9.01,1.6818666666666666,15.68,7.9,1.9848101265822784,79.5,2.99,224,215.0,2,3,1,22,2,0,0,Amanda,Espinoza,amanda.espinoza235@example.com,vxsrp&9zvd14,"[25.0, 22.0, 320.0, 35.5, 25.0]"
41,156.5,55.0,24.35,22,1,86.0,22.22,4.71832098765432,11.37,4.89,2.3251533742331287,81.9,1.41,147,141.0,1,2,1,9,2,0,0,James,Murphy,james.murphy236@example.com,X9zH5m!SgcPO,"[29.2, 12.0, 369.3, 10.0, 25.0]"
34,160.3,82.6,24.92,38,0,66.8,21.29,3.5115358024691354,7.03,3.51,2.002849002849003,47.9,6.49,176,105.0,2,3,0,3,2,1,1,Jason,Berg,jason.berg237@example.com,2kleMAhNHolP,"[27.4, 12.0, 320.0, 10.0, 9.8]"
40,156.9,76.3,9.95,33,1,99.1,1.55,0.37927160493827156,16.55,9.16,1.806768558951965,62.2,3.26,171,170.0,3,3,0,16,2,0,1,Kurt,Garcia,kurt.garcia238@example.com,DPEB8@Q14Og2,"[22.7, 12.0, 320.0, 10.0, 25.0]"
25,159.9,56.9,28.88,29,0,114.2,12.09,3.409081481481482,12.65,7.59,1.6666666666666667,45.6,5.19,182,137.0,3,1,0,16,1,0,1,Patricia,Singh,patricia.singh239@example.com,cAt5USyM9SQl,"[27.3, 12.0, 320.0, 19.7, 7.0]"
20,142.0,62.9,19.89,33,0,117.8,8.28,2.408355555555555,12.14,7.08,1.7146892655367232,59.6,10.65,193,137.0,1,2,1,16,0,1,1,James,Smith,james.smith240@example.com,qofHgAJy$N6Z,"[25.8, 12.0, 328.9, 10.0, 25.0]"
26,157.6,80.3,25.02,37,0,87.4,10.08,2.1752888888888893,9.35,5.88,1.5901360544217686,65.5,5.3,231,127.0,3,1,0,15,1,0,1,Ronald,Liu,ronald.liu241@example.com,0T@YnAVdQ878,"[25.4, 12.0, 320.0, 10.0, 25.0]"
34,142.3,80.8,29.61,23,1,103.6,15.37,3.9316839506172836,10.16,6.04,1.6821192052980132,67.7,7.07,200,139.0,2,2,0,18,0,0,1,George,Ruiz,george.ruiz242@example.com,bQ4asZaWpfKD,"[28.0, 12.0, 320.0, 21.5, 25.0]"
19,150.5,54.5,29.82,22,1,116.3,14.47,4.155212345679012,4.58,4.33,1.0577367205542725,64.8,2.06,192,72.0,1,3,1,4,3,0,0,Adam,Kelly,adam.kelly243@example.com,VU0c2eHb3tei,"[28.4, 12.0, 359.5, 22.1, 25.0]"
37,160.1,57.8,30.15,36,1,129.7,17.36,5.559486419753085,13.37,6.22,2.14951768488746,75.6,5.86,184,190.0,2,3,1,0,1,0,0,Andrea,Wolf,andrea.wolf244@example.com,sOWUikTY4Qa6,"[30.5, 12.0, 384.0, 22.9, 25.0]"
20,159.5,55.2,20.76,20,1,103.5,8.58,2.1926666666666668,10.37,0.7,14.814285714285715,33.4,6.39,182,209.0,3,3,1,22,2,0,1,James,Flores,james.flores245@example.com,wxMRvMh*@9ff,"[25.4, 22.0, 325.1, 10.0, 7.0]"
29,167.7,57.2,29.43,24,0,76.4,18.25,3.4427160493827165,1.18,7.1,0.16619718309859155,97.3,5.78,230,170.0,2,2,0,11,2,1,0,Nicholas,Smith,nicholas.smith246@example.com,VAcm@OrKDzoX,"[27.3, 12.0, 320.0, 21.1, 25.0]"
24,143.3,65.8,25.08,31,1,104.8,4.98,1.288651851851852,12.23,6.61,1.8502269288956126,41.3,8.15,190,201.0,1,2,0,21,1,0,0,Kathryn,Campos,kathryn.campos247@example.com,0SlpNiu&Vr&!,"[24.1, 14.6, 320.0, 10.2, 7.0]"
32,156.8,81.4,32.21,38,0,81.2,11.15,2.2355061728395063,9.38,6.2,1.5129032258064516,17.3,6.51,223,128.0,3,3,1,17,1,1,0,David,Gutierrez,david.gutierrez248@example.com,mV5iAmcDX@Fw,"[25.5, 12.0, 325.9, 28.0, 7.0]"
33,153.5,52.5,21.97,43,1,102.8,22.67,5.754261728395062,10.98,7.43,1.477792732166891,69.7,2.57,211,179.0,1,2,1,18,0,0,0,Norma,Richard,norma.richard249@example.com,i&9H#qXpcmQ!,"[30.8, 12.0, 387.4, 10.0, 25.0]"
22,159.2,68.5,27.58,44,1,119.0,10.66,3.1321975308641976,11.92,4.93,2.417849898580122,83.1,5.42,192,158.0,1,2,1,0,3,1,1,Gina,Harris,gina.harris250@example.com,^*gwgZeXpU9h,"[26.8, 12.0, 341.6, 16.4, 25.0]"
42,156.9,69.5,21.17,19,1,119.9,15.22,4.505871604938272,11.93,5.54,2.1534296028880866,70.1,5.86,115,121.0,2,1,1,4,0,0,0,Jimmy,Nichols,jimmy.nichols251@example.com,j!3edkG27aO5,"[28.9, 12.0, 365.6, 10.0, 25.0]"
31,157.5,78.6,32.24,38,0,108.1,10.42,2.7812395061728394,17.27,6.17,2.79902755267423,47.1,9.05,200,106.0,2,3,0,0,3,1,0,Jennifer,Black,jennifer.black252@example.com,NdOnBT4O!%pR,"[26.3, 12.0, 320.0, 28.1, 8.7]"
19,155.8,71.3,23.02,35,1,86.9,6.09,1.3067185185185186,6.33,6.25,1.0128,65.9,3.91,144,142.0,2,3,1,16,3,0,0,Lisa,Rocha,lisa.rocha253@example.com,OeyluDEhlkae,"[25.0, 12.0, 320.0, 10.0, 25.0]"
26,156.5,63.7,26.08,26,0,90.6,24.75,5.536666666666666,15.59,10.09,1.5450941526263628,60.5,1.54,174,216.0,1,1,0,6,0,0,0,Bryan,Mcconnell,bryan.mcconnell254@example.com,Q2YN@jDWo4cD,"[30.5, 12.0, 320.0, 12.7, 25.0]"
39,165.7,61.4,22.05,40,0,120.4,6.23,1.8520790123456792,11.96,6.5,1.84,37.5,4.02,247,136.0,3,3,1,5,2,0,0,William,Lawrence,william.lawrence255@example.com,RGy!Wn1C4cTk,"[24.9, 12.0, 320.0, 10.0, 7.0]"
42,152.9,63.8,22.53,31,0,123.0,6.12,1.8586666666666667,15.63,7.5,2.084,92.0,4.6,245,245.0,2,1,1,3,2,0,1,Andrea,Hale,andrea.hale256@example.com,bOfU9dPVMOUS,"[24.9, 22.0, 320.0, 10.0, 25.0]"
22,150.6,39.7,25.32,42,0,93.6,23.94,5.5328,4.49,7.21,0.622746185852982,64.8,4.93,214,95.0,2,2,1,12,3,0,0,Alicia,Mills,alicia.mills257@example.com,y!Rffc#$fYNa,"[30.4, 12.0, 383.6, 10.8, 25.0]"
27,162.9,36.6,32.73,28,1,104.4,13.85,3.570222222222222,13.4,2.35,5.702127659574468,53.8,10.43,221,118.0,1,1,1,23,2,0,0,Heather,Nguyen,heather.nguyen258@example.com,#R&nEhJ$$uqs,"[27.5, 12.0, 349.2, 29.3, 18.7]"
33,156.1,68.3,29.03,31,1,89.8,16.76,3.716167901234568,5.31,0.38,13.973684210526315,73.6,6.21,133,49.0,1,1,0,17,1,0,0,Luis,Brown,luis.brown259@example.com,ET!vWz@9ZNtf,"[27.7, 12.0, 320.0, 20.1, 25.0]"
20,168.0,42.5,22.77,28,1,87.6,12.35,2.671259259259259,5.3,9.34,0.5674518201284796,56.7,8.04,210,15.0,1,3,0,10,0,0,1,Stacy,Andrews,stacy.andrews260@example.com,bk#On$c$hQ7#,"[26.2, 12.0, 320.0, 10.0, 23.1]"
21,159.9,60.8,26.78,43,1,104.9,8.06,2.08763950617284,10.06,3.68,2.733695652173913,60.4,7.41,176,158.0,3,3,0,15,2,1,0,Kimberly,Maldonado,kimberly.maldonado261@example.com,9dAQB^@BdO#2,"[25.3, 12.0, 320.0, 14.5, 25.0]"
37,153.9,44.2,28.94,29,0,100.6,18.56,4.610212345679011,9.28,4.9,1.893877551020408,59.1,7.43,253,199.0,2,1,1,7,2,0,1,Jennifer,Harris,jennifer.harris262@example.com,txiKkYGF6EdW,"[29.1, 12.0, 367.4, 19.9, 25.0]"
34,160.1,56.0,29.39,47,0,105.2,9.72,2.5248000000000004,11.19,9.12,1.2269736842105263,70.0,5.18,206,298.0,2,1,1,8,3,0,0,Sara,King,sara.king263@example.com,I9lDd9SlR25@,"[25.9, 22.0, 330.9, 21.0, 25.0]"
37,159.4,65.6,22.58,34,1,97.3,2.36,0.5669827160493827,12.49,7.95,1.5710691823899372,61.4,0.36,226,145.0,2,1,0,18,1,0,0,Nicole,Calderon,nicole.calderon264@example.com,clMMeKabiDI^,"[25.0, 12.0, 320.0, 10.0, 25.0]"
21,151.6,78.4,14.33,26,0,93.1,15.21,3.496422222222222,11.31,3.69,3.0650406504065044,61.8,7.91,178,199.0,1,3,1,11,2,0,0,Stacey,Kaufman,stacey.kaufman265@example.com,kSFSN^@7jYOJ,"[27.4, 12.0, 347.9, 10.0, 25.0]"
41,153.3,60.1,23.45,25,0,90.9,12.57,2.821266666666667,7.26,6.41,1.1326053042121684,68.4,6.84,147,47.0,1,2,0,8,0,0,0,Emily,Whitehead,emily.whitehead266@example.com,wwmxEyqoptyj,"[26.4, 12.0, 320.0, 10.0, 25.0]"
26,159.9,76.8,28.86,40,0,76.9,19.51,3.7044913580246916,10.68,6.29,1.697933227344992,40.2,3.82,168,150.0,1,1,0,15,1,0,0,Jason,Duncan,jason.duncan267@example.com,&JU2Zrth#AZn,"[27.7, 12.0, 320.0, 19.6, 7.0]"
27,156.5,32.5,34.35,34,1,112.7,16.94,4.713920987654322,10.99,2.96,3.712837837837838,41.0,8.1,193,186.0,1,1,0,7,1,0,0,Lacey,Gibson,lacey.gibson268@example.com,bKI@G4t0&3ZE,"[29.2, 12.0, 320.0, 33.4, 7.0]"
35,165.9,61.5,21.69,29,0,98.0,15.1,3.653827160493827,18.81,2.36,7.970338983050848,66.3,3.44,247,212.0,2,2,1,15,3,0,0,Joshua,Rios,joshua.rios269@example.com,6QrN0UOIgTvR,"[27.6, 22.0, 350.7, 10.0, 25.0]"
32,157.2,77.4,18.73,27,0,93.4,25.64,5.913027160493828,19.47,4.04,4.819306930693069,49.2,5.3,189,247.0,2,1,0,2,2,0,0,William,Lee,william.lee270@example.com,kJ@&Is3Qf#rl,"[31.0, 22.0, 320.0, 10.0, 11.8]"
21,154.3,76.0,29.59,26,0,104.2,22.97,5.909812345679013,9.67,8.21,1.1778319123020704,73.8,0.85,256,186.0,3,3,1,8,1,0,1,Kenneth,Rogers,kenneth.rogers271@example.com,ns##z$1VC@hr,"[31.0, 12.0, 390.2, 21.5, 25.0]"
32,154.0,71.2,29.89,15,1,102.8,20.08,5.096849382716049,9.42,9.45,0.996825396825397,53.2,4.17,168,77.0,1,3,0,9,2,0,0,Susan,Lee,susan.lee272@example.com,oXfJcW5L3hTa,"[29.8, 12.0, 320.0, 22.2, 17.8]"
35,155.9,62.5,32.31,35,1,75.4,13.85,2.578493827160494,3.14,7.74,0.40568475452196384,80.0,6.3,206,164.0,2,2,0,11,1,0,1,Jose,Sparks,jose.sparks273@example.com,jwwZ#SMK!nLq,"[26.0, 12.0, 320.0, 28.3, 25.0]"
19,162.0,71.0,26.51,27,0,110.8,9.56,2.615427160493827,14.85,8.26,1.797820823244552,54.0,8.18,196,163.0,3,3,0,20,0,1,0,Joshua,Thompson,joshua.thompson274@example.com,AVNYpnAvwrHK,"[26.1, 12.0, 320.0, 13.8, 19.0]"
28,153.3,91.4,26.56,43,0,96.0,5.7,1.3511111111111112,9.58,5.35,1.7906542056074768,39.6,7.2,221,169.0,3,1,0,22,0,0,1,Laura,Horton,laura.horton275@example.com,8E*IJEe%oksJ,"[25.0, 12.0, 320.0, 13.9, 7.0]"
37,145.9,77.7,26.3,28,1,96.8,15.21,3.635377777777778,2.17,2.19,0.9908675799086758,17.1,10.18,210,68.0,3,3,0,17,1,0,0,Kristen,Anderson,kristen.anderson276@example.com,GFyTFCDKYFwE,"[27.6, 12.0, 320.0, 13.3, 7.0]"
25,154.7,82.8,21.35,42,1,86.6,21.94,4.6913679012345675,9.66,6.89,1.4020319303338171,87.4,5.16,164,120.0,1,3,0,20,2,0,0,Patrick,Rodriguez,patrick.rodriguez277@example.com,AROReCF$0x5e,"[29.2, 12.0, 320.0, 10.0, 25.0]"
22,157.1,72.6,19.3,51,0,82.4,3.49,0.7100641975308642,14.66,3.9,3.758974358974359,72.8,6.76,128,91.0,2,1,0,2,1,0,0,Amanda,Nelson,amanda.nelson278@example.com,orZR@$pAsQx7,"[25.0, 12.0, 320.0, 10.0, 25.0]"
37,165.1,81.0,28.22,25,1,71.3,4.66,0.8203901234567901,7.21,5.76,1.2517361111111112,56.0,7.76,197,190.0,3,2,0,17,0,0,0,Angela,Jackson,angela.jackson279@example.com,VrtvtR7Exc6H,"[25.0, 12.0, 320.0, 18.0, 22.0]"
25,167.0,34.1,21.52,35,1,98.4,9.28,2.2546962962962964,13.98,4.96,2.8185483870967745,40.2,6.15,171,278.0,2,2,1,16,3,1,0,Cody,Walker,cody.walker280@example.com,WWFj7!sPFEBO,"[25.5, 22.0, 326.2, 10.0, 7.0]"
42,153.0,38.6,20.27,30,1,103.2,24.6,6.268444444444445,14.52,5.03,2.8866799204771367,75.4,6.92,151,104.0,1,3,0,12,1,0,1,Susan,Lewis,susan.lewis281@example.com,BnKvojJHz&AL,"[31.6, 12.0, 320.0, 10.0, 25.0]"
20,162.8,47.4,35.8,32,1,78.7,14.33,2.7846197530864196,13.32,1.98,6.7272727272727275,87.0,0.9,159,86.0,1,2,1,7,1,0,1,Jeremiah,Brooks,jeremiah.brooks282@example.com,Nr!PAKcQ3pGv,"[26.3, 12.0, 335.5, 37.0, 25.0]"
44,151.1,70.1,30.63,41,0,72.0,11.6,2.062222222222222,9.73,5.88,1.6547619047619049,38.5,9.02,213,165.0,2,2,0,1,2,0,0,Charles,Clarke,charles.clarke283@example.com,*pj*pf6BXKrz,"[25.2, 12.0, 320.0, 24.1, 7.0]"
42,166.9,78.3,27.42,42,1,117.3,19.59,5.673844444444445,8.51,7.89,1.0785804816223068,49.0,6.11,255,190.0,1,3,0,22,1,0,0,Eric,Crosby,eric.crosby284@example.com,EfPtLxxPwNXr,"[30.7, 12.0, 320.0, 16.1, 11.5]"
26,150.7,62.6,29.61,32,1,86.7,9.37,2.005874074074074,14.13,8.35,1.6922155688622755,52.0,3.8,256,166.0,1,2,0,10,2,1,0,Randy,Jones,randy.jones285@example.com,LqPZUIebBVxp,"[25.2, 12.0, 320.0, 21.5, 16.0]"
34,154.9,76.5,24.07,42,1,87.8,15.28,3.3125530864197525,8.34,4.75,1.7557894736842106,95.2,1.56,266,121.0,2,1,1,15,0,0,0,Jeff,Torres,jeff.torres286@example.com,qUGdKyfnO$56,"[27.1, 12.0, 344.7, 10.0, 25.0]"
24,154.8,62.6,23.58,35,0,121.4,6.31,1.891441975308642,12.38,3.52,3.5170454545454546,62.4,6.48,230,71.0,2,2,0,23,0,0,0,Jamie,Middleton,jamie.middleton287@example.com,FlO*fMY%BC9f,"[25.0, 12.0, 320.0, 10.0, 25.0]"
44,154.4,74.4,21.86,22,0,97.7,22.0,5.307160493827161,8.53,5.11,1.669275929549902,28.5,3.78,210,183.0,1,3,1,11,3,0,0,Jessica,Freeman,jessica.freeman288@example.com,^RqH*lTe^jSE,"[30.1, 12.0, 379.6, 10.0, 7.0]"
18,158.0,68.6,32.05,28,1,96.2,7.53,1.7886074074074076,9.33,5.02,1.858565737051793,41.3,4.87,156,218.0,2,3,1,9,3,0,0,William,Greer,william.greer289@example.com,eoN^TkxExuwa,"[25.0, 22.0, 320.0, 27.6, 7.0]"
29,167.5,67.7,24.77,35,1,120.4,11.67,3.469303703703704,14.22,8.49,1.6749116607773853,70.3,1.24,127,305.0,1,3,1,24,2,1,0,Ashley,Graves,ashley.graves290@example.com,VymVlUE&4iJ7,"[27.4, 22.0, 347.5, 10.0, 25.0]"
18,163.1,55.6,18.2,42,1,91.7,17.58,3.9804592592592587,20.61,2.59,7.957528957528957,56.8,1.84,194,171.0,3,1,0,24,1,0,0,Jamie,Knox,jamie.knox291@example.com,iaSpI5D@Uxbn,"[28.1, 12.0, 320.0, 10.0, 23.2]"
33,158.7,57.3,24.04,27,1,92.3,11.86,2.7029086419753083,12.44,8.59,1.4481955762514551,36.3,6.5,180,213.0,3,2,0,13,2,0,0,Jose,Villanueva,jose.villanueva292@example.com,8MRwWu3!HV#%,"[26.2, 22.0, 320.0, 10.0, 7.0]"
23,158.8,60.1,25.98,35,0,104.5,24.99,6.448037037037037,13.03,6.25,2.0848,30.7,9.58,177,163.0,2,1,0,6,0,0,0,Patricia,Williams,patricia.williams293@example.com,bync4yP7lcn^,"[31.8, 12.0, 320.0, 12.5, 7.0]"
26,159.6,45.1,28.73,29,0,101.5,23.85,5.977222222222222,16.7,9.31,1.7937701396348011,18.7,1.91,132,199.0,3,3,1,23,0,0,1,Michael,Perry,michael.perry294@example.com,uCu2TT&yTeNY,"[31.1, 12.0, 391.4, 19.3, 7.0]"
43,147.0,39.1,28.75,29,0,85.2,8.05,1.6934814814814818,7.57,5.32,1.4229323308270676,35.0,7.68,207,108.0,1,1,0,23,0,0,0,Christopher,Richards,christopher.richards295@example.com,Hn$TQYH7fK&w,"[25.0, 12.0, 320.0, 19.4, 7.0]"
38,153.4,67.6,25.97,28,1,90.8,16.06,3.600612345679012,7.9,5.69,1.3884007029876977,30.3,4.54,165,179.0,3,2,1,13,1,0,1,Ashley,Harrington,ashley.harrington296@example.com,3rYzla0W###j,"[27.6, 12.0, 349.8, 12.4, 7.0]"
27,169.7,53.4,27.39,28,0,92.8,11.39,2.6098567901234566,11.69,5.51,2.1215970961887476,81.4,8.21,200,85.0,3,2,0,4,1,0,0,Donald,Brown,donald.brown297@example.com,@$p2BFLHK#Qx,"[26.1, 12.0, 320.0, 16.0, 25.0]"
36,161.5,71.0,24.03,43,0,80.0,0.63,0.12444444444444444,10.34,3.38,3.059171597633136,69.3,3.39,188,101.0,2,2,0,11,3,0,0,Matthew,Bailey,matthew.bailey298@example.com,7EyqJz@dt^5J,"[25.0, 12.0, 320.0, 10.0, 25.0]"
36,153.7,53.4,29.17,52,0,106.4,13.23,3.4757333333333333,10.51,4.15,2.5325301204819275,61.3,5.06,190,150.0,3,1,0,20,0,0,0,Thomas,Howell,thomas.howell299@example.com,h$^MM6E391vp,"[27.4, 12.0, 320.0, 20.4, 25.0]"
43,150.1,59.1,33.18,31,0,91.6,17.04,3.8539851851851847,5.92,8.57,0.690781796966161,40.3,5.6,267,208.0,2,1,1,15,0,0,1,Michelle,Miller,michelle.miller300@example.com,zqjF9pbDBf9L,"[27.9, 12.0, 354.2, 30.4, 7.0]"
37,164.1,67.3,35.84,45,1,68.6,6.09,1.0315407407407406,17.39,5.33,3.2626641651031894,85.8,6.01,198,111.0,2,3,0,0,3,0,0,Jason,Mcconnell,jason.mcconnell301@example.com,4ELXICtTro6l,"[25.0, 12.0, 320.0, 37.1, 25.0]"
30,158.1,60.4,19.21,31,1,98.1,13.07,3.1658444444444442,8.5,9.53,0.8919202518363064,21.4,5.27,141,113.0,1,1,1,0,2,0,0,Marissa,Welch,marissa.welch302@example.com,cg^FpPji7mcm,"[26.9, 12.0, 342.2, 10.0, 7.0]"
25,155.3,54.1,26.33,32,0,83.0,4.35,0.8914814814814813,2.8,7.3,0.3835616438356164,67.1,5.95,186,160.0,1,1,1,21,1,0,0,Theresa,Brown,theresa.brown303@example.com,fNDSS&@b@nt@,"[25.0, 12.0, 320.0, 13.3, 25.0]"
25,154.1,78.3,16.42,28,0,115.5,7.81,2.2272962962962963,2.96,8.52,0.3474178403755869,37.7,2.01,239,79.0,1,1,0,8,1,1,1,Alicia,Walker,alicia.walker304@example.com,kz2tl%AJRkWd,"[25.5, 12.0, 320.0, 10.0, 7.0]"
19,157.6,54.5,19.72,16,0,93.7,8.29,1.917958024691358,6.54,6.12,1.0686274509803921,61.5,3.95,263,90.0,1,3,0,18,2,0,0,Jacob,Cruz,jacob.cruz305@example.com,@dC0X6F2$PmQ,"[25.0, 12.0, 320.0, 10.0, 25.0]"
35,162.3,65.4,22.74,43,1,82.9,11.78,2.411264197530864,8.35,8.71,0.9586681974741675,83.6,7.93,193,48.0,1,1,1,13,0,0,1,Madison,Thompson,madison.thompson306@example.com,sOB#iV$@KUzv,"[25.8, 12.0, 328.9, 10.0, 25.0]"
41,158.8,57.7,22.37,30,0,84.3,16.01,3.332451851851852,13.47,8.53,1.579132473622509,51.5,5.81,173,187.0,3,3,0,14,3,0,0,Robert,Jones,robert.jones307@example.com,Q%kq!L@8K9H0,"[27.1, 12.0, 320.0, 10.0, 15.2]"
20,152.7,37.0,33.72,42,0,97.3,14.83,3.562861728395062,6.17,1.59,3.880503144654088,30.3,3.5,139,140.0,3,1,1,11,0,0,0,Ryan,Lee,ryan.lee308@example.com,sZ7bGrkQm^5z,"[27.5, 12.0, 349.1, 31.8, 7.0]"
29,159.6,55.3,17.95,28,1,81.3,17.41,3.494896296296296,16.55,5.62,2.9448398576512456,40.9,4.08,218,66.0,1,2,0,10,3,0,0,Kristy,Benson,kristy.benson309@example.com,o#9A^47B0X1c,"[27.4, 12.0, 320.0, 10.0, 7.0]"
32,153.9,65.6,20.27,30,0,61.6,15.52,2.360572839506173,15.19,5.75,2.6417391304347824,62.6,8.55,134,121.0,3,2,0,4,3,0,0,John,French,john.french310@example.com,hkcnMj^%LlFV,"[25.7, 12.0, 320.0, 10.0, 25.0]"
29,154.1,56.3,25.78,16,1,102.9,11.93,3.0311037037037036,6.65,5.26,1.26425855513308,36.5,5.14,202,102.0,1,3,0,14,2,1,1,Monica,Jacobs,monica.jacobs311@example.com,oWR#HNr5ctnc,"[26.7, 12.0, 320.0, 12.0, 7.0]"
23,160.8,52.6,20.36,29,1,109.7,7.82,2.118158024691358,12.84,5.94,2.1616161616161613,53.6,6.08,180,153.0,3,3,0,24,0,0,1,Stacy,Russell,stacy.russell312@example.com,cEGmf*&mFqWN,"[25.3, 12.0, 320.0, 10.0, 18.4]"
42,158.4,58.3,25.96,30,0,120.0,15.87,4.702222222222222,14.09,0.61,23.098360655737704,68.3,7.1,208,192.0,3,2,0,13,3,1,0,Christine,Elliott,christine.elliott313@example.com,WQXH2bEeAwuf,"[29.2, 12.0, 320.0, 12.4, 25.0]"
22,160.7,68.2,29.48,27,0,127.8,20.2,6.3742222222222225,11.88,8.01,1.4831460674157304,41.1,4.65,215,169.0,3,1,1,9,1,1,0,Zachary,Wolf,zachary.wolf314@example.com,fDPaeiHkfI7V,"[31.7, 12.0, 398.3, 21.2, 7.0]"
35,152.5,61.4,21.43,36,1,96.4,6.45,1.5352592592592595,11.25,10.65,1.056338028169014,28.6,6.04,180,167.0,2,1,1,19,3,0,0,Jeremy,Jenkins,jeremy.jenkins315@example.com,FwJVV%bc1SUO,"[25.0, 12.0, 320.0, 10.0, 7.0]"
21,157.0,74.9,22.41,41,0,108.5,16.21,4.3426790123456795,6.11,3.43,1.78134110787172,41.7,2.39,216,87.0,1,2,0,13,2,0,0,James,Ryan,james.ryan316@example.com,Ig322QaUYA5j,"[28.7, 12.0, 320.0, 10.0, 7.0]"
27,159.2,48.6,22.31,21,0,51.0,10.62,1.3373333333333333,3.83,6.61,0.5794251134644478,58.1,7.36,206,225.0,2,3,1,1,3,0,1,Jeffrey,Fowler,jeffrey.fowler317@example.com,wy0wkx@J65bL,"[25.0, 22.0, 320.0, 10.0, 25.0]"
40,158.5,59.3,26.98,28,1,111.5,25.88,7.124987654320988,6.11,7.27,0.8404401650618983,27.4,6.43,204,158.0,1,2,0,0,3,0,0,Pamela,Scott,pamela.scott318@example.com,zQ@JIA!Tfm&a,"[32.8, 12.0, 320.0, 15.0, 7.0]"
44,157.4,54.3,26.91,38,0,108.6,18.29,4.90442962962963,4.77,7.42,0.6428571428571428,36.7,3.05,168,209.0,1,3,0,11,1,1,0,Brandon,Mccann,brandon.mccann319@example.com,9vH&!Z%kvohe,"[29.5, 22.0, 320.0, 14.8, 7.0]"
43,164.1,57.2,22.47,41,1,81.9,14.67,2.9666000000000006,0.26,2.8,0.09285714285714286,32.1,3.74,141,143.0,2,2,1,18,0,0,0,Danny,Christensen,danny.christensen320@example.com,ayYAWDU5oi%!,"[26.6, 12.0, 338.7, 10.0, 7.0]"
18,167.9,47.9,29.58,22,0,94.6,3.9,0.910962962962963,8.73,7.54,1.1578249336870028,57.8,8.1,168,103.0,3,2,0,19,0,0,1,Rhonda,Jenkins,rhonda.jenkins321@example.com,p3elk0EQ%3n&,"[25.0, 12.0, 320.0, 21.4, 24.7]"
25,159.2,72.0,22.11,27,0,86.9,24.28,5.209708641975309,11.85,5.51,2.1506352087114338,45.1,3.18,190,133.0,1,2,0,16,1,0,0,Emily,Patterson,emily.patterson322@example.com,Pf5riHP&Udqo,"[30.0, 12.0, 320.0, 10.0, 7.0]"
41,150.8,64.2,19.49,41,0,80.9,11.94,2.385051851851852,1.62,6.5,0.24923076923076926,23.2,9.88,219,152.0,2,3,0,9,0,0,1,Matthew,Weaver,matthew.weaver323@example.com,a@z@%P4zJU7r,"[25.7, 12.0, 320.0, 10.0, 7.0]"
36,152.6,58.9,27.68,22,0,113.4,7.33,2.0524000000000004,7.18,2.43,2.9547325102880655,53.8,4.87,177,269.0,1,3,1,14,0,0,0,Zachary,Bryant,zachary.bryant324@example.com,dorFu$0Mvl7*,"[25.2, 12.0, 322.7, 16.7, 18.7]"
43,161.7,73.4,22.1,37,0,112.6,5.12,1.4234864197530863,12.34,4.28,2.8831775700934577,35.5,7.02,154,155.0,1,1,0,19,0,1,0,Timothy,Davis,timothy.davis325@example.com,TSOZZAb!^Wy3,"[24.3, 12.0, 320.0, 10.0, 7.0]"
20,142.0,72.8,22.16,18,0,119.9,13.85,4.100283950617284,7.95,7.59,1.0474308300395256,35.3,6.75,188,209.0,1,2,0,1,0,0,0,Wendy,Morgan,wendy.morgan326@example.com,t!$w920zeRrh,"[28.3, 12.0, 320.0, 10.0, 7.0]"
31,159.8,76.4,37.01,31,0,77.9,19.4,3.7315061728395063,15.67,5.9,2.6559322033898303,64.9,6.54,209,149.0,2,2,0,16,1,0,0,Cathy,Blackburn,cathy.blackburn327@example.com,XvW^sDpSn^^E,"[27.7, 12.0, 320.0, 40.0, 25.0]"
19,152.6,72.8,20.14,33,1,93.5,10.93,2.5233456790123454,9.37,2.28,4.109649122807018,63.5,9.89,237,152.0,2,3,1,14,2,0,0,Brent,Crawford,brent.crawford328@example.com,aiCKNJ9nWoXU,"[25.9, 12.0, 330.9, 10.0, 25.0]"
44,153.2,52.3,27.22,30,0,112.0,0.85,0.23506172839506173,11.01,12.56,0.876592356687898,70.1,1.81,276,23.0,2,3,0,4,1,1,1,Jimmy,Marquez,jimmy.marquez329@example.com,!sh9&t1fo@OK,"[22.5, 12.0, 320.0, 15.5, 25.0]"
44,151.3,63.9,21.38,28,1,81.7,13.85,2.7939382716049384,9.53,6.94,1.3731988472622476,55.1,4.25,178,96.0,3,3,1,21,0,0,0,Natalie,Beard,natalie.beard330@example.com,DOBjSAfmKwqI,"[26.3, 12.0, 335.6, 10.0, 20.7]"
24,150.1,75.7,27.26,28,0,96.0,13.53,3.207111111111111,15.25,3.75,4.066666666666666,37.2,10.3,194,70.0,1,3,1,22,1,0,0,Paul,White,paul.white331@example.com,cT@aKeR@EZGj,"[27.0, 12.0, 342.9, 15.7, 7.0]"
44,157.6,60.3,22.98,36,1,88.1,11.37,2.4733259259259257,10.35,6.45,1.6046511627906976,66.4,8.2,159,109.0,1,1,0,6,0,0,0,Dawn,Valencia,dawn.valencia332@example.com,93AqN894XngV,"[25.9, 12.0, 320.0, 10.0, 25.0]"
29,148.6,57.0,29.83,24,0,83.1,29.26,6.003718518518518,6.48,8.37,0.7741935483870969,68.1,2.83,205,215.0,3,2,0,0,0,0,0,Sara,Sutton,sara.sutton333@example.com,eER#086rHd#k,"[31.2, 12.0, 320.0, 22.1, 25.0]"
26,158.4,47.4,25.33,32,0,126.6,4.81,1.5035703703703702,8.55,5.36,1.5951492537313434,58.6,1.96,212,186.0,1,2,0,1,1,0,1,Charles,Moses,charles.moses334@example.com,dtSKRPoqnfQi,"[24.4, 12.0, 320.0, 10.8, 25.0]"
38,152.4,69.1,18.9,34,0,116.1,13.48,3.8642666666666665,4.51,7.0,0.6442857142857142,84.5,2.18,213,256.0,2,2,0,2,3,0,0,Laura,Terrell,laura.terrell335@example.com,aSm9BdbN&do0,"[27.9, 22.0, 320.0, 10.0, 25.0]"
42,154.9,66.5,30.54,44,0,116.2,16.02,4.596355555555555,21.32,4.01,5.3167082294264345,34.4,5.86,198,146.0,3,3,1,16,0,0,0,Joel,Collins,joel.collins336@example.com,ZaWJQDcGYHet,"[29.0, 12.0, 367.2, 23.8, 7.0]"
42,159.0,61.0,31.89,37,1,100.7,17.16,4.266696296296296,11.6,9.9,1.1717171717171717,43.5,5.31,156,207.0,3,3,1,24,3,1,1,Edwin,Moore,edwin.moore337@example.com,3L4ThA!xwuSp,"[28.6, 22.0, 361.4, 27.2, 7.0]"
20,155.1,37.7,21.34,39,0,98.2,17.38,4.214113580246913,8.34,5.64,1.4787234042553192,50.9,10.44,178,121.0,1,1,0,24,3,1,0,Christy,Andrews,christy.andrews338@example.com,9f#*1xdEH7@H,"[28.5, 12.0, 320.0, 10.0, 14.3]"
23,152.4,58.4,19.0,25,1,103.3,27.55,7.02695061728395,14.19,5.23,2.713193116634799,42.9,1.52,170,236.0,1,1,0,23,0,0,0,Joseph,Vazquez,joseph.vazquez339@example.com,MY0p2F^xvg4J,"[32.7, 12.0, 320.0, 10.0, 7.0]"
22,154.6,69.6,30.08,32,1,79.9,4.65,0.9173703703703706,5.15,5.27,0.9772296015180267,72.6,6.23,190,6.0,1,1,0,15,0,1,0,Michael,Jones,michael.jones340@example.com,Zt%6BNFeNzOJ,"[25.0, 12.0, 320.0, 22.7, 25.0]"
27,144.7,77.6,22.95,35,1,84.1,7.64,1.5864790123456787,16.76,6.99,2.397711015736767,48.5,4.39,178,133.0,3,3,0,2,2,0,0,Barbara,Acosta,barbara.acosta341@example.com,kK@!r$%Kd9mp,"[25.0, 12.0, 320.0, 10.0, 10.8]"
20,151.2,71.0,26.66,32,1,103.3,14.86,3.7902172839506174,9.58,8.27,1.158403869407497,24.5,5.16,215,80.0,2,2,1,17,1,0,0,Michael,White,michael.white342@example.com,!e3qBEQALwy$,"[27.8, 12.0, 353.1, 14.2, 7.0]"
33,145.5,73.0,21.47,34,1,90.4,27.05,6.037827160493827,7.19,4.39,1.6378132118451028,80.7,9.4,186,250.0,3,2,1,12,2,0,1,Nicole,Ruiz,nicole.ruiz343@example.com,YdKYEblMKW0@,"[31.2, 22.0, 392.4, 10.0, 25.0]"
39,157.7,68.8,28.86,23,0,100.1,26.7,6.599185185185184,13.65,5.71,2.3905429071803854,75.5,7.53,215,146.0,3,2,0,3,3,0,1,Denise,Armstrong,denise.armstrong344@example.com,#imT#@iJZzcM,"[32.0, 12.0, 320.0, 19.6, 25.0]"
22,161.2,85.4,32.76,33,1,114.8,11.96,3.3901432098765434,15.35,3.26,4.708588957055215,63.3,9.06,267,66.0,2,1,1,1,2,1,0,Laura,Terry,laura.terry345@example.com,WmDFfL^2fgTq,"[27.2, 12.0, 346.1, 29.4, 25.0]"
22,159.0,58.7,26.55,30,1,87.1,15.02,3.230227160493827,10.21,8.07,1.2651796778190831,52.7,2.82,220,106.0,3,1,1,3,2,0,0,Sherry,Holmes,sherry.holmes346@example.com,Gh@h^9UrJW20,"[27.0, 12.0, 343.3, 13.9, 17.1]"
34,155.6,63.1,26.25,50,1,114.6,13.79,3.902059259259259,10.52,4.46,2.358744394618834,38.7,5.86,176,155.0,2,2,1,17,0,1,0,Lauren,Evans,lauren.evans347@example.com,JJe8jK6fL0Q0,"[28.0, 12.0, 355.0, 13.1, 7.0]"
33,168.1,74.1,19.31,32,0,109.9,15.44,4.189767901234568,9.99,4.67,2.139186295503212,97.6,3.18,173,111.0,3,3,0,5,3,0,0,Amber,Boyd,amber.boyd348@example.com,O2Lbcwv9YT$K,"[28.4, 12.0, 320.0, 10.0, 25.0]"
43,142.3,60.9,17.73,42,1,80.2,6.41,1.2693382716049382,9.61,3.64,2.64010989010989,30.1,7.0,156,22.0,3,3,1,14,3,1,0,Matthew,Franco,matthew.franco349@example.com,4eYxCXO^^c4P,"[25.0, 12.0, 320.0, 10.0, 7.0]"
21,159.0,55.3,31.16,35,0,115.5,12.02,3.427925925925926,4.74,7.37,0.6431478968792402,43.9,7.95,241,85.0,1,1,0,4,3,0,1,Amy,Young,amy.young350@example.com,sRHAaYQ83Uzf,"[27.3, 12.0, 320.0, 25.4, 7.0]"
41,148.6,39.8,25.25,26,0,85.5,16.55,3.4938888888888893,12.71,7.01,1.813124108416548,42.9,3.92,182,187.0,3,1,1,12,2,0,0,Christopher,Barnes,christopher.barnes351@example.com,fZkIYwCkBvz^,"[27.4, 12.0, 347.9, 10.6, 7.0]"
44,159.8,64.5,26.65,29,1,112.6,18.12,5.037807407407407,8.37,9.44,0.8866525423728813,29.9,8.55,191,213.0,2,1,0,16,0,1,1,Adam,Diaz,adam.diaz352@example.com,IIWsrono8CkV,"[29.7, 12.0, 320.0, 14.1, 7.0]"
43,151.6,51.1,22.01,28,0,84.4,6.17,1.2857975308641976,8.74,5.21,1.6775431861804224,55.2,3.94,216,103.0,2,3,0,20,1,0,0,Christine,Santos,christine.santos353@example.com,g6muVmB!QnpG,"[25.0, 12.0, 320.0, 10.0, 20.8]"
44,157.8,54.2,29.53,31,0,112.4,20.92,5.805945679012346,11.09,3.59,3.0891364902506964,41.2,8.3,236,169.0,1,2,1,21,2,1,0,Elizabeth,Lee,elizabeth.lee354@example.com,NzqRfIBV^mmT,"[30.9, 12.0, 388.4, 21.3, 7.0]"
43,158.6,62.7,26.6,22,0,69.5,12.48,2.1416296296296298,11.65,5.37,2.169459962756052,25.8,1.64,151,5.0,3,2,1,1,1,1,0,James,Williams,james.williams355@example.com,ob5c7u8lzyD$,"[25.4, 12.0, 324.2, 14.0, 7.0]"
33,151.3,70.3,26.05,22,0,88.8,19.26,4.222933333333334,8.11,6.28,1.2914012738853502,83.3,6.49,117,122.0,3,2,1,2,1,0,0,Jacob,Mcpherson,jacob.mcpherson356@example.com,&5PGfzt#Aicp,"[28.5, 12.0, 360.7, 12.6, 25.0]"
32,150.4,42.3,22.59,37,0,96.3,17.16,4.080266666666667,19.47,5.23,3.7227533460803053,51.2,6.58,206,86.0,1,2,0,7,2,0,1,Timothy,Davenport,timothy.davenport357@example.com,%p!8iX7G0ItI,"[28.3, 12.0, 320.0, 10.0, 14.8]"
28,155.4,64.8,39.34,37,1,88.7,2.9,0.6351358024691358,10.84,6.08,1.7828947368421053,35.6,3.21,225,202.0,2,1,0,3,0,0,0,Kimberly,Stewart,kimberly.stewart358@example.com,1Y3^By@uqOZ^,"[25.0, 12.0, 320.0, 45.9, 7.0]"
43,151.4,75.3,15.6,35,1,73.9,16.27,2.968772839506173,8.52,9.86,0.8640973630831643,64.3,1.84,217,185.0,2,2,0,3,3,0,0,Nicholas,Pham,nicholas.pham359@example.com,pfX!mUWF3r7d,"[26.6, 12.0, 320.0, 10.0, 25.0]"
32,151.4,73.1,25.74,28,0,81.1,9.37,1.8763135802469133,12.03,5.43,2.2154696132596685,27.7,7.18,207,164.0,2,2,1,13,1,0,0,Susan,Nolan,susan.nolan360@example.com,4Gw*r*NM3I2z,"[25.0, 12.0, 320.0, 11.8, 7.0]"
35,153.0,67.2,23.58,29,0,86.5,4.87,1.0401358024691358,8.61,6.5,1.3246153846153845,53.9,0.51,168,156.0,2,3,0,6,2,0,1,Michelle,Davis,michelle.davis361@example.com,AMtfNLIJ#@rf,"[25.0, 12.0, 320.0, 10.0, 18.8]"
36,159.1,45.6,23.77,31,0,80.3,5.15,1.0210987654320989,8.57,6.07,1.411861614497529,39.2,4.97,203,89.0,3,2,1,1,1,0,0,Elizabeth,Shaw,elizabeth.shaw362@example.com,Xb%8NRSeMyWy,"[25.0, 12.0, 320.0, 10.0, 7.0]"
26,160.8,56.3,15.42,31,0,91.2,19.25,4.334814814814815,6.62,6.34,1.0441640378548895,55.7,8.1,203,162.0,3,1,1,1,2,1,0,Antonio,Proctor,antonio.proctor363@example.com,5%LPkEPGzBK4,"[28.7, 12.0, 362.6, 10.0, 21.6]"
38,156.9,55.9,33.39,39,0,100.5,3.54,0.8784444444444444,13.06,5.56,2.3489208633093526,51.9,9.27,169,63.0,1,2,1,7,1,0,0,Peggy,Padilla,peggy.padilla364@example.com,T!&A6lnNveJe,"[23.5, 12.0, 320.0, 31.0, 15.8]"
21,143.3,63.7,22.54,35,0,91.8,6.58,1.4914666666666667,10.59,7.98,1.3270676691729322,50.4,6.54,117,200.0,3,1,1,10,2,0,0,Deborah,Williams,deborah.williams365@example.com,h2ZD@weVgYvg,"[25.0, 13.5, 320.0, 10.0, 13.6]"
22,156.1,61.5,23.49,35,0,78.8,20.52,3.9925333333333333,9.83,7.65,1.2849673202614378,76.8,7.76,232,164.0,1,2,1,12,1,0,1,Linda,Robinson,linda.robinson366@example.com,DWju6RXc#7ba,"[28.1, 12.0, 356.6, 10.0, 25.0]"
29,157.5,64.3,22.65,33,0,92.8,0.01,0.0022913580246913577,4.8,6.74,0.7121661721068249,72.3,2.11,146,208.0,1,2,1,4,1,0,0,Corey,Jackson,corey.jackson367@example.com,l3HRD&NFmxON,"[25.0, 22.0, 320.0, 10.0, 25.0]"
34,170.1,47.8,28.5,29,1,100.4,12.82,3.1780938271604944,7.18,5.84,1.2294520547945205,33.3,3.13,208,144.0,3,2,1,7,2,0,0,Brian,Mendoza,brian.mendoza368@example.com,GHxVqYRjy$6T,"[26.9, 12.0, 342.4, 18.8, 7.0]"
34,167.8,56.2,24.65,33,1,95.3,16.37,3.852002469135803,10.56,7.32,1.4426229508196722,88.5,8.22,147,154.0,2,1,0,18,1,0,1,Melissa,Roach,melissa.roach369@example.com,5aFaYVu#wYmJ,"[27.9, 12.0, 320.0, 10.0, 25.0]"
20,152.2,89.7,25.12,35,0,93.5,28.6,6.602716049382716,17.15,7.01,2.4465049928673324,40.7,5.33,233,158.0,1,1,0,12,2,0,1,Jamie,Harrington,jamie.harrington370@example.com,88xd0Qy4NhFO,"[32.1, 12.0, 320.0, 10.3, 7.0]"
19,157.4,52.6,24.22,32,0,117.9,14.13,4.1134,12.12,8.96,1.3526785714285712,47.7,11.18,175,218.0,3,2,1,4,3,0,1,Brian,Alvarado,brian.alvarado371@example.com,W3o#Anwn$mtL,"[28.3, 22.0, 358.7, 10.0, 9.6]"
42,156.9,54.1,27.92,35,0,95.5,17.98,4.239728395061729,10.26,5.53,1.8553345388788425,65.9,4.94,166,212.0,3,2,0,8,1,0,0,Corey,Shaffer,corey.shaffer372@example.com,t^5mB$7syC$*,"[28.5, 22.0, 320.0, 17.3, 25.0]"
41,152.2,67.6,28.77,39,1,93.8,14.84,3.4370172839506172,6.76,8.14,0.8304668304668303,46.7,0.38,184,218.0,3,1,0,0,1,1,0,Timothy,Bright,timothy.bright373@example.com,L4eDfXN#U#hS,"[27.3, 22.0, 320.0, 19.4, 8.1]"
44,159.6,45.9,28.66,28,1,137.1,5.31,1.797533333333333,13.84,7.34,1.8855585831062671,40.1,5.2,213,146.0,2,1,1,18,2,1,0,Shane,Coleman,shane.coleman374@example.com,JuRraRDdl*i7,"[24.8, 12.0, 320.0, 19.1, 7.0]"
32,155.6,54.5,30.42,28,0,100.1,12.83,3.171069135802469,11.9,5.42,2.1955719557195574,93.7,8.12,212,118.0,1,2,1,13,1,1,0,Michael,Stafford,michael.stafford375@example.com,EjA48q1EORv7,"[26.9, 12.0, 342.2, 23.6, 25.0]"
34,150.7,60.0,22.57,25,0,69.7,21.08,3.6278419753086415,15.59,6.95,2.243165467625899,36.8,9.49,148,125.0,3,2,0,20,3,1,0,Laura,Maldonado,laura.maldonado376@example.com,vlHQx^dgSVfV,"[27.6, 12.0, 320.0, 10.0, 7.0]"
38,157.9,44.1,24.84,37,1,90.3,12.44,2.773659259259259,10.15,2.48,4.092741935483871,37.1,4.62,240,95.0,3,2,0,2,3,0,0,Jessica,Brady,jessica.brady377@example.com,V3fAaDdHAd7J,"[26.3, 12.0, 320.0, 10.0, 7.0]"
34,159.4,68.2,23.82,46,0,121.8,6.16,1.852562962962963,4.64,8.92,0.5201793721973094,29.7,5.5,185,62.0,1,1,1,6,2,1,0,Eric,Rasmussen,eric.rasmussen378@example.com,ppbRTnVC0ZGy,"[24.9, 12.0, 320.0, 10.0, 7.0]"
33,154.8,44.3,26.56,41,1,95.2,24.17,5.681441975308643,10.7,5.03,2.1272365805168985,29.0,5.13,180,131.0,3,2,0,15,1,0,0,Jon,Mason,jon.mason379@example.com,9BoLk1nUo#Be,"[30.7, 12.0, 320.0, 13.9, 7.0]"
24,165.5,71.6,23.17,37,0,98.1,11.67,2.8267333333333333,9.47,6.05,1.5652892561983474,48.5,4.6,231,271.0,2,3,1,21,3,1,1,Martin,Armstrong,martin.armstrong380@example.com,%Gb#0MsHFie^,"[26.4, 22.0, 336.2, 10.0, 10.8]"
33,150.0,48.7,26.14,31,0,100.7,17.89,4.448204938271605,10.85,6.67,1.6266866566716642,89.5,2.89,176,164.0,1,1,0,22,1,0,1,Kelly,Stevens,kelly.stevens381@example.com,e9S%F1dETk3I,"[28.8, 12.0, 320.0, 12.9, 25.0]"
18,162.4,59.7,24.55,39,1,85.8,17.15,3.6332592592592587,13.67,4.35,3.142528735632184,88.6,5.09,186,190.0,2,1,1,20,2,0,0,Shane,Hart,shane.hart382@example.com,E&0iU&Ee3X6@,"[27.6, 12.0, 350.3, 10.0, 25.0]"
30,157.1,44.0,24.89,36,0,58.6,10.03,1.451254320987654,5.89,4.63,1.2721382289416847,46.7,0.74,195,194.0,2,2,0,1,2,0,0,Derek,Lee,derek.lee383@example.com,fcyoqFzJzZRf,"[25.0, 12.0, 320.0, 10.0, 8.1]"
19,162.3,78.6,27.49,44,0,93.7,21.55,4.985765432098765,16.43,7.46,2.202412868632708,55.4,9.26,249,132.0,1,3,0,19,2,0,0,Brian,Bell,brian.bell384@example.com,1EaNbI#P2pJz,"[29.6, 12.0, 320.0, 16.2, 21.1]"
31,162.2,66.1,31.67,44,0,79.5,22.66,4.448074074074074,10.67,7.32,1.4576502732240437,48.3,2.53,114,139.0,3,3,1,3,0,0,1,Robin,Smith,robin.smith385@example.com,9ORy94vgjyHR,"[28.8, 12.0, 364.6, 26.7, 10.4]"
19,158.8,99.1,26.26,37,0,103.9,25.72,6.598291358024691,2.51,9.09,0.2761276127612761,58.5,6.26,175,131.0,2,2,0,19,2,1,0,Diana,Williamson,diana.williamson386@example.com,M^SQl5&KJK2$,"[32.0, 12.0, 320.0, 13.2, 25.0]"
44,151.9,62.0,28.05,24,0,110.5,11.68,3.186765432098765,13.82,3.05,4.531147540983607,42.8,5.6,176,130.0,1,3,0,7,1,0,0,Morgan,Rodriguez,morgan.rodriguez387@example.com,024OT#hIHZ6*,"[26.9, 12.0, 320.0, 17.6, 7.0]"
31,152.2,49.4,16.79,27,0,103.4,16.27,4.153871604938272,3.28,2.31,1.4199134199134198,39.4,7.05,239,168.0,2,2,0,8,0,0,0,Willie,Brown,willie.brown388@example.com,GJa9kPK62o%Y,"[28.4, 12.0, 320.0, 10.0, 7.0]"
22,153.4,63.2,32.98,35,0,88.4,5.77,1.2594271604938272,13.09,2.19,5.9771689497716896,41.5,4.55,231,145.0,3,3,0,14,2,0,0,Justin,Cowan,justin.cowan389@example.com,f*S3BKQ8zMfu,"[25.0, 12.0, 320.0, 29.9, 7.0]"
26,167.4,80.8,27.26,23,0,88.8,13.85,3.0367407407407403,7.51,3.69,2.035230352303523,82.2,5.02,225,141.0,3,3,0,16,3,0,1,Adam,Costa,adam.costa390@example.com,FN^#uenCCiR*,"[26.7, 12.0, 320.0, 15.7, 25.0]"
38,159.1,69.5,25.04,35,1,88.2,13.68,2.9792,6.75,4.8,1.40625,59.2,0.05,114,139.0,3,1,1,10,3,1,0,Betty,Hutchinson,betty.hutchinson391@example.com,KkI26XV9zk@$,"[26.6, 12.0, 338.9, 10.1, 25.0]"
19,155.3,58.0,23.98,43,1,99.9,13.04,3.216533333333333,14.16,6.96,2.0344827586206895,21.0,3.55,158,189.0,2,2,1,1,2,0,0,Jason,Cisneros,jason.cisneros392@example.com,Yzc26*lxEnaX,"[27.0, 12.0, 343.0, 10.0, 7.0]"
41,144.8,73.4,26.97,39,0,104.4,10.02,2.582933333333333,12.43,3.98,3.1231155778894473,76.9,4.56,149,131.0,2,1,0,8,3,0,1,Jason,Morales,jason.morales393@example.com,Qi4SR9tu43Ja,"[26.0, 12.0, 320.0, 14.9, 25.0]"
25,163.0,73.3,18.92,24,0,84.1,16.16,3.3556938271604935,10.39,3.79,2.741424802110818,81.4,4.73,151,58.0,3,3,0,6,3,0,0,Jasmine,Alvarado,jasmine.alvarado394@example.com,7nT*TWyoY@4e,"[27.2, 12.0, 320.0, 10.0, 25.0]"
32,156.5,57.4,22.49,38,0,104.9,8.82,2.2844888888888892,8.99,8.67,1.0369088811995386,45.8,4.29,211,100.0,1,3,1,7,3,0,1,Daniel,Taylor,daniel.taylor395@example.com,z6KeLSg9ef72,"[25.6, 12.0, 326.7, 10.0, 7.0]"
18,147.8,86.2,24.81,38,0,70.6,18.64,3.249343209876543,10.61,9.92,1.0695564516129032,90.6,8.19,240,42.0,1,3,0,20,0,0,0,Kenneth,Mitchell,kenneth.mitchell396@example.com,^GJrjtQge1Zd,"[27.0, 12.0, 320.0, 10.0, 25.0]"
19,158.2,49.4,22.09,22,0,134.9,2.05,0.6828271604938272,9.49,3.94,2.4086294416243654,63.2,4.28,265,78.0,3,3,1,9,2,0,0,Timothy,Sherman,timothy.sherman397@example.com,ZjvPVXeKH%74,"[23.2, 12.0, 320.0, 10.0, 25.0]"
33,147.9,40.6,16.32,32,0,111.9,13.98,3.8626222222222224,5.88,6.08,0.9671052631578947,50.8,7.65,157,25.0,2,2,1,7,3,0,0,Sharon,Freeman,sharon.freeman398@example.com,onzf4IN2VR%d,"[27.9, 12.0, 354.3, 10.0, 14.2]"
20,144.6,61.7,25.47,33,1,74.1,6.33,1.1581555555555556,7.57,2.79,2.7132616487455197,86.2,9.27,184,135.0,3,2,0,2,1,1,0,Nicholas,Cowan,nicholas.cowan399@example.com,rCzB788yoKyv,"[25.0, 12.0, 320.0, 11.2, 25.0]"
43,157.9,68.0,20.27,30,0,66.7,10.58,1.7424345679012347,7.84,4.5,1.7422222222222221,58.3,3.21,187,219.0,3,1,0,15,3,0,0,Christine,Morse,christine.morse400@example.com,7slfXtUYAfe@,"[25.0, 22.0, 320.0, 10.0, 25.0]"
35,162.8,31.1,35.33,39,0,105.4,13.84,3.6018172839506177,0.6,7.15,0.0839160839160839,54.5,5.96,182,88.0,2,3,0,7,0,0,1,Jamie,Webb,jamie.webb401@example.com,D6ABhjfRY@7s,"[27.6, 12.0, 320.0, 35.8, 19.8]"
44,161.0,61.4,17.0,37,1,124.0,13.72,4.200691358024692,17.79,6.71,2.651266766020864,64.6,3.82,171,120.0,3,3,0,2,3,0,0,Cody,Salinas,cody.salinas402@example.com,Q#M!p&PStMU2,"[28.5, 12.0, 320.0, 10.0, 25.0]"
18,169.5,81.3,26.83,29,1,102.6,8.99,2.2774666666666668,6.71,6.87,0.9767103347889374,49.9,7.66,209,173.0,2,1,1,15,2,0,1,Kristen,Williams,kristen.williams403@example.com,71VvrI1ID9iq,"[25.6, 12.0, 326.6, 14.6, 12.8]"
19,166.1,68.2,22.74,35,1,81.1,9.16,1.8342617283950617,7.47,4.74,1.5759493670886076,39.3,3.28,223,126.0,3,1,1,0,1,1,0,Lisa,Gray,lisa.gray404@example.com,&RvaoghZrqjR,"[25.0, 12.0, 320.0, 10.0, 7.0]"
20,157.3,59.6,22.81,27,0,97.3,13.85,3.32741975308642,2.17,7.65,0.28366013071895424,56.2,3.28,209,170.0,2,3,0,0,1,0,0,John,Daugherty,john.daugherty405@example.com,$O%fpI3xTHt3,"[27.1, 12.0, 320.0, 10.0, 22.3]"
18,151.7,49.2,28.74,29,1,92.5,20.9,4.773456790123456,12.45,8.23,1.5127582017010934,49.5,2.51,212,116.0,1,2,0,21,3,0,0,Lisa,May,lisa.may406@example.com,mNF6%yK9ZPGW,"[29.3, 12.0, 320.0, 19.3, 12.2]"
19,159.4,45.4,24.54,37,0,75.2,15.11,2.8056098765432096,4.91,6.8,0.7220588235294118,85.5,8.19,187,147.0,3,1,1,22,3,0,1,April,Williams,april.williams407@example.com,ve^B^UszsrTx,"[26.4, 12.0, 335.8, 10.0, 25.0]"
33,160.8,76.2,19.61,30,1,86.5,13.85,2.9580864197530863,14.79,5.88,2.5153061224489797,20.3,2.57,198,126.0,3,1,1,11,0,0,1,Priscilla,Salas,priscilla.salas408@example.com,p6Z%9FpUbgTN,"[26.6, 12.0, 338.5, 10.0, 7.0]"
31,170.6,71.6,34.98,31,0,99.0,7.38,1.804,16.46,6.6,2.493939393939394,93.7,10.72,155,149.0,2,2,0,18,0,1,0,Mathew,Smith,mathew.smith409@example.com,NNt*tczGykXo,"[25.0, 12.0, 320.0, 34.9, 25.0]"
41,155.2,64.7,32.51,25,0,93.5,16.99,3.9223827160493823,3.32,5.52,0.6014492753623188,51.5,3.98,183,115.0,1,1,0,20,1,0,0,Thomas,Collins,thomas.collins410@example.com,59VPk1kA9P^i,"[28.0, 12.0, 320.0, 28.8, 15.2]"
42,151.1,66.0,26.45,20,1,84.2,11.23,2.334730864197531,11.58,8.84,1.3099547511312217,50.5,1.02,138,111.0,1,1,1,14,3,1,0,Richard,Douglas,richard.douglas411@example.com,Zi&%k7p&PNFH,"[25.7, 12.0, 327.6, 13.6, 13.8]"
18,150.7,42.9,31.84,33,1,80.3,9.12,1.8082370370370369,11.0,5.31,2.0715630885122414,62.7,5.74,215,98.0,3,1,0,12,0,0,0,Julie,Allen,julie.allen412@example.com,46f6tmS38uwX,"[25.0, 12.0, 320.0, 27.1, 25.0]"
18,171.4,72.7,26.23,26,0,94.0,27.61,6.408246913580247,14.15,6.37,2.221350078492936,68.5,5.28,175,86.0,2,3,1,23,3,0,0,Brian,Robinson,brian.robinson413@example.com,MIqdT$e1Qtbb,"[31.8, 12.0, 398.9, 13.1, 25.0]"
41,162.3,63.8,24.9,28,0,85.1,11.69,2.4563432098765428,7.23,3.13,2.309904153354633,54.8,4.56,231,93.0,2,1,0,21,3,1,0,Joshua,Lewis,joshua.lewis414@example.com,oxJwn797**a2,"[25.8, 12.0, 320.0, 10.0, 20.2]"
35,160.6,46.3,32.58,42,1,118.7,9.17,2.6876024691358027,4.52,3.93,1.1501272264631042,49.8,2.64,211,219.0,3,2,1,10,3,0,0,Raymond,Edwards,raymond.edwards415@example.com,mPk8F*CUYY33,"[26.2, 22.0, 333.8, 28.9, 12.7]"
36,146.4,58.0,18.01,16,1,75.9,9.87,1.8497111111111113,8.65,4.81,1.7983367983367986,68.8,3.58,197,168.0,3,2,0,14,2,1,0,Brian,Taylor,brian.taylor416@example.com,vj9V!vDsXjuu,"[25.0, 12.0, 320.0, 10.0, 25.0]"
40,151.6,51.2,28.34,34,1,81.0,11.51,2.302,12.92,6.69,1.9312406576980568,81.6,4.6,176,74.0,2,3,0,20,3,0,0,Sarah,Wu,sarah.wu417@example.com,#iaUteWpWvs6,"[25.6, 12.0, 320.0, 18.4, 25.0]"
42,162.4,65.8,27.1,49,0,95.8,3.24,0.7664,9.61,7.23,1.3291839557399723,86.6,3.37,236,143.0,2,3,1,9,3,0,0,Gregory,Harris,gregory.harris418@example.com,vSX*JrrHm9^o,"[25.0, 12.0, 320.0, 15.3, 25.0]"
23,170.3,47.3,23.96,37,1,95.3,12.56,2.9554765432098766,10.52,7.19,1.4631432545201668,54.2,6.95,177,84.0,2,3,1,24,0,0,0,Jasmin,Lewis,jasmin.lewis419@example.com,43!RaoaBnVAZ,"[26.6, 12.0, 338.5, 10.0, 19.3]"
39,143.2,59.5,26.12,37,0,85.5,24.16,5.100444444444444,15.06,6.14,2.452768729641694,62.7,6.35,147,223.0,2,1,0,3,1,1,0,Jonathan,Hall,jonathan.hall420@example.com,71oDBTGf#Fgv,"[29.8, 22.0, 320.0, 12.8, 25.0]"
29,154.0,61.8,34.42,33,1,86.8,17.09,3.6627456790123456,10.12,3.81,2.6561679790026242,63.2,8.31,171,138.0,1,3,1,10,1,0,0,Jessica,Russo,jessica.russo421@example.com,U#F*1veX@#A%,"[27.6, 12.0, 350.8, 33.6, 25.0]"
32,167.7,66.5,22.65,43,1,108.9,21.68,5.8295111111111115,9.78,8.95,1.0927374301675978,49.1,9.35,246,140.0,2,3,0,17,2,0,0,William,Johnson,william.johnson422@example.com,lF5*wlQGPFcL,"[30.9, 12.0, 320.0, 10.0, 11.7]"
29,159.6,61.6,31.38,25,0,97.9,30.34,7.334039506172839,5.75,4.39,1.3097949886104785,56.0,7.96,256,103.0,1,3,1,8,3,0,0,Adam,Vazquez,adam.vazquez423@example.com,wikSRBDn4g0V,"[33.2, 12.0, 415.1, 25.9, 22.0]"
44,167.8,68.7,23.47,42,1,99.3,21.33,5.2298,4.18,8.71,0.47990815154994254,79.2,6.92,223,169.0,1,2,1,10,0,0,0,Jessica,Mitchell,jessica.mitchell424@example.com,olpWq%cjgTu%,"[30.0, 12.0, 378.3, 10.0, 25.0]"
39,154.4,55.5,33.07,29,0,105.6,13.85,3.611259259259259,17.6,3.81,4.619422572178478,58.5,10.48,173,192.0,2,1,1,4,1,0,1,Patrick,Davis,patrick.davis425@example.com,J#DfyxHhCLg!,"[27.6, 12.0, 349.9, 30.2, 25.0]"
39,159.9,59.9,28.92,45,0,83.9,14.27,2.9561802469135805,9.74,9.51,1.0241850683491063,90.6,4.12,186,91.0,1,1,1,18,3,1,1,Dawn,Fernandez,dawn.fernandez426@example.com,TO3tV13^Hbrn,"[26.6, 12.0, 338.5, 19.8, 25.0]"
31,157.5,56.6,22.08,32,1,101.5,5.59,1.4009506172839505,11.29,7.92,1.4255050505050504,84.9,9.65,244,208.0,2,2,1,13,3,1,1,Jennifer,Good,jennifer.good427@example.com,PCrL^XKwoCIS,"[24.3, 22.0, 320.0, 10.0, 25.0]"
38,160.8,71.1,19.57,29,0,87.2,18.5,3.98320987654321,10.69,7.74,1.3811369509043927,76.4,4.71,238,151.0,3,2,0,6,0,0,0,Haley,Preston,haley.preston428@example.com,g4tk*iJFXiga,"[28.1, 12.0, 320.0, 10.0, 25.0]"
23,160.3,78.7,25.5,47,0,89.1,13.29,2.9238,8.28,3.67,2.2561307901907357,47.2,8.28,186,111.0,1,3,0,23,3,0,1,Ian,Ware,ian.ware429@example.com,D7WvwG5DSv&^,"[26.5, 12.0, 320.0, 11.2, 8.8]"
37,157.4,66.1,19.83,38,0,100.6,20.11,4.9952246913580245,1.19,6.92,0.17196531791907513,38.9,6.06,176,71.0,2,2,0,1,1,1,0,Troy,Jones,troy.jones430@example.com,DQzkh&dQPqWl,"[29.6, 12.0, 320.0, 10.0, 7.0]"
29,146.8,66.5,23.24,30,1,96.1,13.34,3.1653679012345677,11.08,6.06,1.8283828382838285,95.7,6.1,197,218.0,3,3,0,5,1,1,0,William,Tucker,william.tucker431@example.com,z#6Zs3JVhkLu,"[26.9, 22.0, 320.0, 10.0, 25.0]"
35,153.3,56.1,26.24,31,0,84.3,11.78,2.451985185185185,16.36,5.71,2.8651488616462344,57.6,3.54,172,168.0,1,3,1,13,3,0,0,Joshua,Jordan,joshua.jordan432@example.com,zV@g2enXRI2n,"[25.8, 12.0, 329.7, 13.1, 24.4]"
40,153.7,42.7,31.63,39,0,95.0,5.11,1.1986419753086421,4.69,6.12,0.7663398692810458,34.0,6.28,172,185.0,1,1,1,22,3,0,0,Donna,Greene,donna.greene433@example.com,!Rfv1TX^*nej,"[25.0, 12.0, 320.0, 26.6, 7.0]"
42,150.5,64.4,27.95,38,0,103.7,17.3,4.429654320987654,6.56,7.56,0.8677248677248677,68.4,7.99,237,112.0,2,3,0,21,0,0,0,Joanna,Alvarado,joanna.alvarado434@example.com,ga&MekliS#Mi,"[28.8, 12.0, 320.0, 17.4, 25.0]"
30,147.4,68.1,26.88,34,0,83.0,27.06,5.545629629629629,9.39,6.78,1.3849557522123894,31.8,4.65,202,183.0,2,1,1,10,3,0,0,James,Ellis,james.ellis435@example.com,66k0@Q%g#vdQ,"[30.5, 12.0, 383.8, 14.7, 7.0]"
25,152.3,41.4,21.11,42,0,112.5,13.51,3.7527777777777778,7.64,7.94,0.9622166246851385,34.5,10.32,213,164.0,3,1,0,17,0,0,0,Barbara,Matthews,barbara.matthews436@example.com,cde%UH2xnPRv,"[27.8, 12.0, 320.0, 10.0, 7.0]"
35,154.5,56.3,26.3,32,1,87.8,6.21,1.3462666666666665,4.95,5.64,0.8776595744680852,60.6,5.4,190,151.0,3,1,1,6,2,1,0,Jason,Moore,jason.moore437@example.com,wNjL2IOKsT@g,"[25.0, 12.0, 320.0, 13.3, 25.0]"
39,155.7,64.8,27.25,26,0,95.4,10.81,2.546355555555556,8.48,6.78,1.2507374631268438,56.0,5.74,164,56.0,3,3,0,15,1,0,0,Spencer,Baker,spencer.baker438@example.com,V!1%aCfa#4RG,"[26.0, 12.0, 320.0, 15.6, 22.0]"
38,158.5,78.9,29.29,26,1,129.7,8.64,2.7669333333333332,14.35,5.38,2.66728624535316,63.2,3.73,230,191.0,3,1,1,0,1,0,0,Travis,Woodard,travis.woodard439@example.com,uYhhTuec188j,"[26.3, 12.0, 335.2, 20.7, 25.0]"
29,165.6,54.7,28.11,28,0,82.6,18.04,3.6792691358024685,9.73,7.42,1.3113207547169812,38.0,10.38,173,171.0,3,2,0,17,2,0,0,Michaela,Cox,michaela.cox440@example.com,#*2haMhiWf8$,"[27.7, 12.0, 320.0, 17.8, 7.0]"
20,163.0,73.4,22.65,38,0,73.6,11.16,2.028088888888889,5.74,7.59,0.7562582345191041,85.3,6.23,187,126.0,2,2,0,18,3,0,1,Alan,Parrish,alan.parrish441@example.com,OgQfQEUkDghF,"[25.2, 12.0, 320.0, 10.0, 25.0]"
23,154.8,74.2,26.91,25,0,99.2,7.61,1.8639802469135804,2.64,7.33,0.3601637107776262,34.0,6.35,183,23.0,3,1,0,8,2,0,0,Shelby,Cook,shelby.cook442@example.com,vv98su!T6!yI,"[24.9, 12.0, 320.0, 14.8, 7.0]"
36,153.0,41.5,27.85,36,0,110.8,14.02,3.835595061728395,6.48,3.2,2.025,63.6,6.48,171,123.0,3,2,0,5,1,0,0,Justin,Wilson,justin.wilson443@example.com,JAgzLLtteEhV,"[27.9, 12.0, 320.0, 17.1, 25.0]"
41,151.5,87.4,29.71,29,0,78.2,19.02,3.6725037037037036,1.82,9.77,0.18628454452405324,61.2,1.36,194,36.0,1,1,1,6,3,0,0,Christina,Wallace,christina.wallace444@example.com,nFgp&D642Hmm,"[27.7, 12.0, 351.0, 21.8, 25.0]"
33,163.3,77.8,33.26,31,1,104.8,10.75,2.781728395061728,17.6,6.94,2.5360230547550433,52.6,3.11,151,175.0,2,2,0,2,0,1,0,Kyle,Schneider,kyle.schneider445@example.com,6i7INYjD#N8S,"[26.3, 12.0, 320.0, 30.6, 16.9]"
38,145.9,67.2,26.57,37,0,97.2,17.22,4.1328,14.31,4.31,3.3201856148491884,62.2,9.29,173,133.0,1,2,0,5,2,0,0,Yvonne,Hester,yvonne.hester446@example.com,M#ARfCqNvslJ,"[28.3, 12.0, 320.0, 13.9, 25.0]"
40,150.9,61.1,29.91,33,0,90.2,2.86,0.6369679012345678,16.07,7.84,2.049744897959184,19.6,2.49,221,185.0,1,3,0,5,1,0,0,Cameron,Adams,cameron.adams447@example.com,LbcfJvtWM7je,"[25.0, 12.0, 320.0, 22.3, 7.0]"
28,152.0,62.8,20.42,23,0,91.2,11.57,2.6053925925925925,12.87,3.21,4.009345794392523,53.9,6.46,224,181.0,1,2,0,19,3,0,0,Charles,Mathews,charles.mathews448@example.com,n6M4dgNuuuKy,"[26.1, 12.0, 320.0, 10.0, 18.8]"
21,155.5,64.8,27.46,35,0,78.7,16.61,3.227671604938272,9.72,5.21,1.8656429942418427,15.6,11.17,146,126.0,1,1,1,12,2,0,0,Bill,Jensen,bill.jensen449@example.com,mCcwJxWbcAV^,"[27.0, 12.0, 343.2, 16.2, 7.0]"
30,153.9,81.9,30.11,41,0,89.3,16.44,3.624918518518519,13.25,7.66,1.7297650130548303,82.2,5.4,229,142.0,3,1,1,20,0,0,0,Micheal,Roberts,micheal.roberts450@example.com,E4mgCGL&LWxh,"[27.6, 12.0, 350.2, 22.8, 25.0]"
29,155.5,56.5,24.76,42,1,96.0,0.64,0.1517037037037037,13.13,7.63,1.7208387942332897,32.3,7.1,214,140.0,2,2,0,24,1,0,0,Dylan,Richardson,dylan.richardson451@example.com,@Cx&M6PM!6Op,"[25.0, 12.0, 320.0, 10.0, 7.0]"
31,151.9,55.4,20.95,36,1,93.4,9.85,2.2715802469135804,11.44,5.34,2.142322097378277,52.0,6.03,178,177.0,1,3,0,8,3,0,0,April,Olson,april.olson452@example.com,d4Zn39zauDEw,"[25.6, 12.0, 320.0, 10.0, 16.0]"
32,148.0,64.9,28.41,36,0,141.0,11.01,3.833111111111111,14.6,7.92,1.8434343434343434,41.1,3.47,223,125.0,2,2,1,22,2,1,0,Joshua,Underwood,joshua.underwood453@example.com,gKIpgY!waI!d,"[27.9, 12.0, 353.8, 18.5, 7.0]"
42,149.2,81.4,21.78,32,0,127.6,6.78,2.1361185185185185,2.6,8.22,0.31630170316301703,84.2,9.38,236,53.0,1,1,1,12,3,0,0,Brian,Herrera,brian.herrera454@example.com,oree5iZ!ZvwB,"[25.4, 12.0, 324.1, 10.0, 25.0]"
42,156.4,58.2,29.45,43,0,102.2,2.0,0.5046913580246913,16.19,5.16,3.1375968992248064,48.0,4.84,215,73.0,2,1,1,1,2,0,0,Erik,Christensen,erik.christensen455@example.com,Ak3L&pSzFWmC,"[22.9, 12.0, 320.0, 21.1, 10.0]"
33,160.0,68.9,27.15,23,1,77.9,12.08,2.3235358024691357,3.34,10.21,0.3271302644466209,22.3,5.99,225,206.0,2,1,0,20,1,1,0,Joseph,Martin,joseph.martin456@example.com,SQbWb@mEZlZs,"[25.6, 21.1, 320.0, 15.4, 7.0]"
34,152.4,56.5,26.74,27,1,126.2,22.09,6.883353086419754,8.03,10.11,0.7942631058358061,36.8,2.63,204,180.0,1,1,1,22,2,0,0,Ashley,Baker,ashley.baker457@example.com,C5pZnxn%^#*K,"[32.5, 12.0, 407.2, 14.3, 7.0]"
30,152.1,75.7,29.31,35,1,98.0,16.99,4.1111604938271595,11.65,6.24,1.8669871794871795,39.3,10.46,172,143.0,1,3,1,21,1,0,0,Paul,Singh,paul.singh458@example.com,QZmg8*mv7dVZ,"[28.3, 12.0, 358.7, 20.8, 7.0]"
24,148.6,63.2,24.71,41,0,106.9,13.96,3.684750617283951,9.28,8.13,1.141451414514145,43.0,3.66,206,71.0,1,3,1,18,3,0,0,Anthony,Larson,anthony.larson459@example.com,4QAVLogjaxNH,"[27.7, 12.0, 351.2, 10.0, 7.0]"
41,159.2,69.7,28.77,28,1,96.5,4.63,1.1031975308641975,11.62,4.82,2.4107883817427385,96.6,4.74,186,204.0,3,1,0,2,0,0,1,Calvin,Harris,calvin.harris460@example.com,SYB6Bnbb3@2F,"[25.0, 12.0, 320.0, 19.4, 25.0]"
26,167.1,79.7,19.82,24,0,80.2,14.96,2.96244938271605,16.22,6.56,2.472560975609756,55.6,9.16,175,223.0,2,1,1,21,3,0,1,Kayla,Rios,kayla.rios461@example.com,Q$i4XjRzOyZ*,"[26.6, 22.0, 338.6, 10.0, 21.4]"
18,157.8,39.8,22.99,25,0,93.1,23.43,5.386007407407407,12.95,3.77,3.4350132625994694,41.0,2.97,138,145.0,3,3,1,15,3,1,0,Brenda,Lopez,brenda.lopez462@example.com,Ku&HrBM9UsD8,"[30.2, 12.0, 381.0, 10.0, 7.0]"
40,151.1,72.6,22.13,31,0,102.1,21.03,5.301637037037037,16.99,5.94,2.86026936026936,59.3,6.89,133,57.0,3,1,1,4,1,0,0,Kayla,Adkins,kayla.adkins463@example.com,$Z1J$@qZ54#k,"[30.1, 12.0, 379.5, 10.0, 25.0]"
30,155.9,41.5,25.84,31,1,92.1,6.23,1.416748148148148,10.68,7.51,1.422103861517976,61.3,6.8,225,132.0,1,2,0,5,1,0,0,Daisy,Cunningham,daisy.cunningham464@example.com,DRFM1TY$KTsK,"[25.0, 12.0, 320.0, 12.1, 25.0]"
37,157.1,76.0,21.74,34,1,80.2,19.97,3.9545530864197533,9.17,6.09,1.5057471264367817,72.7,8.7,156,154.0,2,3,1,11,3,0,0,Sean,Phelps,sean.phelps465@example.com,H*&EM$i6EK3E,"[28.1, 12.0, 356.0, 10.0, 25.0]"
24,153.7,69.7,28.23,29,0,114.7,25.1,7.108567901234569,10.35,7.92,1.3068181818181819,62.3,5.36,175,126.0,2,1,0,2,2,0,0,Jennifer,Jones,jennifer.jones466@example.com,$Qt2@rMJs4OM,"[32.8, 12.0, 320.0, 18.1, 25.0]"
25,156.3,68.5,36.31,21,1,89.2,16.02,3.5283555555555552,10.73,4.72,2.273305084745763,30.0,7.72,203,196.0,2,1,0,0,1,0,0,Daniel,Wong,daniel.wong467@example.com,MRT5GDV@yoa^,"[27.4, 12.0, 320.0, 38.3, 7.0]"
